Symbol,Description,Price,Price - Currency,Price Change % 1 day,Pre-market Change %,"Moving Average Convergence Divergence (12,26) 1 day, Signal","Moving Average Convergence Divergence (12,26) 1 day, Level",Exponential Moving Average (200) 1 day,Volume 1 day,Relative Volume 1 day,Float shares outstanding,Float shares %,Candlestick Pattern 5 minutes,Market capitalization,Market capitalization - Currency,Sector
UNFI,"United Natural Foods, Inc.",30.105,USD,21.98136142625608,14.181523500810373,1.1844177018231263,1.4632576258116998,17.653487164224362,1993318,2.999894952703132,58208557.5396,97.1613,,1803567599.2068477,USD,Distribution services
ODC,Oil-Dri Corporation Of America,81.985,USD,19.25090909090909,7.738181818181808,0.2156279919448225,0.9136095494597214,67.58242501267598,86791,5.248767802606514,4872919.31984,94.9058,,552377962.2181818,USD,Process industries
AUPH,Aurinia Pharmaceuticals Inc,10.565,USD,15.717415115005462,4.052573932091995,0.38662011455739165,0.47459294168121247,7.077393469549693,2956108,2.277350687405825,128659503.968,89.8592,,1512688904.1177435,USD,Health technology
BOWL,Bowlero Corp.,12.375,USD,5.408858603066437,3.3219761499148257,0.11103361623250307,0.10503629137529202,12.0213058005529,269357,0.4612212636740375,82389140.023,93.2065,,1818056639.054515,USD,Consumer services
GAMB,Gambling.com Group Limited,13.16,USD,3.134796238244517,2.9780564263322944,0.7890839301648527,0.7171655896798406,10.119421995507237,107270,0.47846548487282775,16397474.863799999,44.4098,,485907446.2915361,USD,Technology services
LBRT,Liberty Energy Inc.,19.26,USD,10.562571756601606,2.7554535017221404,-0.017984786373704043,0.029658711710371932,19.554432593490024,3300124,1.5036585143036063,157895317.27199998,96.62169999999999,"Hanging Man, Bearish Harami",3147386009.4041333,USD,Industrial services
PHR,"Phreesia, Inc.",23.7275,USD,9.697179842810911,2.172907998150728,0.20327597163245564,0.5441418746563649,22.087843959925088,711680,2.0434919685091826,53657587.8813,92.87610000000001,,1370815293.4335413,USD,Technology services
BRID,Bridgford Foods Corporation,10.383,USD,6.383196721311468,1.9467213114754047,0.1188716789597983,0.2344852219639062,9.928585009974277,15874,1.9276962123696064,1664327.5488,18.336,,94244747.37940574,USD,Consumer non-durables
KNX,Knight-Swift Transportation Holdings Inc.,57.27,USD,2.286122521878909,1.8038935524200712,0.8228869979325689,0.48170003624401403,53.16826377364156,1083092,0.611348727890233,156886135.18899998,96.90729999999999,Doji,9271612695.076622,USD,Transportation
DK,"Delek US Holdings, Inc.",18.67,USD,1.8548827059465545,1.800327332242236,0.2682188336191662,0.1994145305139874,21.740164042504748,393599,0.4132809254828238,61579425.126399994,97.44319999999999,,1179853701.5722861,USD,Energy minerals
AVTR,"Avantor, Inc.",22.775,USD,3.1009506564056077,1.7202354006337666,-0.527635361539187,-0.22061184389306376,23.40608496465604,4051291,0.6638092422349892,663510850.794,97.4871,,15500980098.156403,USD,Process industries
LOVE,The Lovesac Company,37.89,USD,1.937046004842612,1.694915254237276,2.1372575705485577,2.0876886587784185,27.248575874133767,192705,0.5080624813633965,13987162.3891,89.89930000000001,,589518123.6295398,USD,Consumer durables
OFIX,Orthofix Medical Inc.,18.67,USD,2.133479212253832,1.641137855579853,0.4984365889506882,0.33332207443825723,16.06770861379729,46350,0.20119152260962986,36878919.4236,96.50580000000001,Marubozu White,713458909.7330416,USD,Health technology
TALO,"Talos Energy, Inc.",10.625,USD,4.064642507345731,1.3712047012732496,-0.021058725636415497,-0.161188695910635,11.772061758792242,633682,0.5526588424743248,134413410.783,74.6903,,1912089182.970127,USD,Energy minerals
EML,Eastern Company (The),31.1,USD,5.7823129251700776,1.3605442176870821,-0.3470894949554352,0.010893712518601717,28.413768963420114,21833,1.5107878821429066,5694857.176320001,92.1024,,192296875.78571433,USD,Consumer durables
FARO,"FARO Technologies, Inc.",27.85,USD,1.9772976931527013,1.3181984621018052,1.6043878374505258,1.4440918279665311,19.926839127773825,55063,0.3717616938878712,18136450.607899997,95.87229999999998,Marubozu White,526847411.76492137,USD,Electronic technology
KOP,Koppers Holdings Inc.,35.405,USD,1.3018597997138721,1.2875536480686571,0.20780290947074087,-0.2058168558158755,39.541897667807376,40452,0.3881509002352779,19370055.3606,95.56539999999998,,717621430.6878399,USD,Process industries
VITL,"Vital Farms, Inc.",38.03,USD,2.867189613199898,1.271301054909383,-0.07089849028455336,0.7877188612933779,31.495347994796592,479917,0.4158925827115097,31895731.5856,72.8386,,1665320443.5052745,USD,Process industries
PRDO,Perdoceo Education Corporation,27.605,USD,2.773641102010428,1.265822784810126,1.1100344935990571,0.9238782330003907,21.97794902429349,113252,0.31881082986189896,59868823.295200005,91.10180000000003,,1814100213.7905807,USD,Consumer services
LPG,Dorian LPG Ltd.,24.31,USD,5.0107991360691155,1.1663066954643764,-1.689229110088689,-1.5746248868727122,34.213704716119345,425682,0.6362261599400005,39633799.467,92.5926,,1040576928.7520518,USD,Transportation
CBZ,"CBIZ, Inc.",78.93,USD,1.1793359825663396,1.1408793744391752,2.514867903813117,1.8022066292328134,71.47615553776113,50652,0.15934359950056484,47645280.610199995,94.93379999999999,,3961330195.237534,USD,Commercial services
AMTB,Amerant Bancorp Inc.,25.39,USD,1.3977635782747662,1.0383386581469711,0.8377409314022272,0.7566091713608998,22.2485068737416,183876,0.7683397683397684,35268016.7452,83.7553,,1069133438.0183705,USD,Finance
ARDT,"Ardent Health Partners, Inc.",17.155,USD,3.8438256658595735,1.0290556900726495,-0.3911927022943732,-0.2517454873317675,,232709,1.0986338659794057,22992401.77534,16.1087,,2448581571.33747,USD,Health services
BRT,BRT Apartments Corp. (MD),18.685,USD,1.1640498105035184,0.9745533297238752,0.4014760102775582,0.21027026238117585,18.03324807965349,9872,0.10557588694653403,10824940.466,57.561099999999996,,347347049,USD,Finance
SFL,SFL Corporation Ltd,10.6106,USD,1.4397705544932977,0.9560229445506657,-0.0847658084970169,-0.06736867608880637,11.64040117122397,390939,0.5117757554026621,108074405.226,74.1714,,1546054898.1889482,USD,Transportation
TDW,Tidewater Inc.,48.08,USD,1.4988389275913043,0.9077475195271263,-3.205119007872246,-3.0964065729706505,73.19607884343954,313431,0.35424922528361436,49632446.694000006,94.85780000000001,,2515689506.0688195,USD,Transportation
KAR,"OPENLANE, Inc.",20.805,USD,1.3888888888888897,0.8771929824561389,0.74919873478419,0.6946499383859113,17.14191007853541,276158,0.4148979116283284,105075945.488,98.3452,"Gravestone Doji, Long Upper Shadow",2222895855.152778,USD,Commercial services
FFIN,"First Financial Bankshares, Inc.",40.91,USD,1.4884644008930645,0.8682709005209485,0.7599764270352061,0.45376213627353934,35.23320724611708,129756,0.3418726853852299,137314216.04,96.08439999999999,,5846455315.829818,USD,Finance
CWAN,"Clearwater Analytics Holdings, Inc.",29.09,USD,0.901838362816516,0.8671522719389525,0.7204542962256425,0.27969333038021915,23.6678628937404,1580478,0.49781219440465163,173467318.80569002,88.0061,,7190666243.948665,USD,Technology services
WBD,"Warner Bros. Discovery, Inc. - Series A",10.9001,USD,3.220643939393936,0.8522727272727258,0.5687536035253007,0.5601068909881057,8.829019590960092,12528122,0.46562785588250544,2220420589.9100003,90.51230000000001,,26739745304.94168,USD,Consumer services
CHWY,"Chewy, Inc.",31.37,USD,1.553900938815152,0.8416963418582,0.844403547072429,0.3516050715287058,26.658009649186614,2966249,0.4608612276110511,129825365.73600002,97.4248,Inverted Hammer,12806655787.110394,USD,Retail trade
AU,AngloGold Ashanti PLC,25.81,USD,1.1760094080752534,0.8232065856526746,-0.5371861020309575,-0.3528764799384305,25.509408811718124,1135176,0.1984478435280492,419728868.119,99.77000000000001,Doji,10731967101,USD,Non-energy minerals
TSEM,Tower Semiconductor Ltd.,49.285,USD,1.4094650205761217,0.8230452674897091,1.1455592684413787,1.2352322611730528,40.58746208373675,289979,0.6071285826059302,111069860,100,"Long Upper Shadow, Shooting Star",5474077994.324794,USD,Electronic technology
CHEF,"The Chefs' Warehouse, Inc.",48.93,USD,3.315033783783784,0.8023648648648702,1.3269683052063381,1.7231651639667973,39.20589532945316,141364,0.3170354880864996,34328717.677999996,86.78839999999998,,1935402298.6913006,USD,Distribution services
YOU,"Clear Secure, Inc.",27.97,USD,1.8201674554058973,0.8008736803786036,-1.525602448674086,-1.0996850958316422,26.042753055045438,887542,0.4404966999300797,83120066.1214,88.4114,"Dragonfly Doji, Long Lower Shadow",3899146580.543866,USD,Technology services
APA,APA Corporation,22.4701,USD,0.9892134831460613,0.8004494382022498,-0.47674003279407173,-0.39762551766365206,27.81060494003417,2180272,0.3529174522551736,362147037.452,97.8916,,8312756167.463073,USD,Energy minerals
ARIS,"Aris Water Solutions, Inc.",25.84,USD,2.1343873517786527,0.7905138339920921,1.898100403872352,1.438666445959928,17.086351524058383,186194,0.597868859565327,25666498.30585,83.651,Marubozu Black,1504570120.847431,USD,Utilities
TXO,"TXO Partners, L.P.",16.905,USD,1.7148014440433221,0.7821901323706317,-0.4093357082718838,-0.5105891247229373,19.25213231944098,73788,0.5963413599279102,30939522.350814,75.6221,,691639944.7545127,USD,Energy minerals
PEGA,Pegasystems Inc.,95.28,USD,0.921512551636484,0.624933799385662,4.11420321106898,3.8190269054877177,69.99363723467968,278215,0.5516163748663662,42995583.2592,50.1384,"Long Upper Shadow, Shooting Star",8170623054.040038,USD,Technology services
BBSI,"Barrett Business Services, Inc.",43.34,USD,1.5701898289196197,0.6093273962971596,1.2702251213623093,1.1011927273118687,35.15446225108108,41013,0.29959129707479737,25031609.9019,96.50890000000001,,1124111610.3880947,USD,Commercial services
SM,SM Energy Company,41.04,USD,0.8601622020152407,0.5898255099533104,0.019840869258804683,-0.5144024818029251,43.30813948313651,306217,0.25517466661222354,112499782.22999999,98.32349999999998,,4695731439.589088,USD,Energy minerals
KR,Kroger Company (The),59.5,USD,2.9946338930240555,0.5885407651029883,0.6934424770627372,0.4844921257201946,54.35069225416697,2238649,0.47606128284032706,717629380.8299999,99.19049999999999,Long Upper Shadow,43047433232.984245,USD,Retail trade
DAR,Darling Ingredients Inc.,37.61,USD,3.780353200882995,0.5794701986754991,-0.2773775585436089,-0.8387673769640713,40.74435780379074,904077,0.32042625254108453,157211472.744,98.8453,,5981804895.2497225,USD,Consumer non-durables
GILD,"Gilead Sciences, Inc.",92,USD,1.5564631857820914,0.5740147919196336,0.9031461935596422,0.7353587834995068,80.48065180123358,2391740,0.3490836965285793,1244991326.98,99.8974,Hanging Man,114656455325.4443,USD,Health technology
CMCSA,Comcast Corporation,39.465,USD,1.0627400768246,0.537772087067864,0.0008385732255630496,-0.4407185217333094,41.12736152223893,17464134,0.9318388085326381,3791036841.2,99.3172,,151014401232.3922,USD,Consumer services
TRMB,Trimble Inc.,75.015,USD,0.5428226779252125,0.5361211633829321,2.488719124295788,2.3881760087841144,60.423570463728744,592180,0.46061127249211564,243325920.704,99.63879999999999,,18319234095.297947,USD,Technology services
IPXX,Inflection Point Acquisition Corp. II,13.85,USD,1.5284242935161017,0.5021441923542149,0.1605510513551789,0.4739112208031173,10.677248171609651,17482,1.1269403331442422,18800000,75.2,,432812626.9105304,USD,Finance
SPR,"Spirit Aerosystems Holdings, Inc.",32.51,USD,1.3088189467123545,0.4985976939856546,0.10041369754080356,0.14919028654797728,31.935057799709277,1698608,1.3506417585517778,115813027.19999999,99.05999999999999,,3800821870.727952,USD,Electronic technology
ABR,Arbor Realty Trust,14.44,USD,1.0496850944716611,0.489853044086776,-0.16571740464969095,-0.19569675864882363,14.223217305273232,940659,0.46356209602870574,181423751.53599998,96.19039999999998,,2695219458,USD,Finance
CAKE,The Cheesecake Factory Incorporated,51.019,USD,4.632895816242823,0.4511894995898254,1.5047582059366724,1.4434799387686326,40.292054570625204,458261,0.3854418496692957,47224533.4647,92.5251,,2603995704.6631045,USD,Consumer services
STNG,Scorpio Tankers Inc.,49.13,USD,0.5320237364436364,0.45017393083692653,-2.898074730400425,-2.7677726697517784,65.42615222630417,183150,0.22417715417537445,48912637.1591,91.9841,,2612492528.2870884,USD,Transportation
FLG,"Flagstar Financial, Inc.",11.335,USD,1.659192825112112,0.44843049327353307,0.14060870564779687,0.09802723525087842,13.165894978232895,1929662,0.3576171468947149,302187945.63,72.7962,,4705327215.629597,USD,Finance
NEO,"NeoGenomics, Inc.",18.615,USD,3.936348408710208,0.44667783361249747,0.7759447107888936,0.8657836486921866,15.295941984996636,300187,0.5291151056742561,126824775.552,98.80320000000002,Spinning Top Black,2389437581.8500834,USD,Health services
TFC,Truist Financial Corporation,47.05,USD,0.5341880341880342,0.4273504273504335,0.7917085619489119,0.6200890384118409,41.43679305391107,4862511,0.7106254386321006,1324096325.92,99.7421,,62459844618.061966,USD,Finance
AMPH,"Amphastar Pharmaceuticals, Inc.",44.025,USD,0.4449007529089671,0.4106776180698146,-1.0543058708775874,-1.044067032034711,46.00832705577259,160906,0.3742124447394413,35942240.8606,74.7529,Hanging Man,2116785147.7002053,USD,Health technology
MGM,MGM Resorts International,36.76,USD,0.4371584699453458,0.4098360655737666,-0.31099068133660884,-0.37415517031156753,39.73284206200254,1764560,0.4922170151055973,231287111.66,77.6809,,10944939533.574862,USD,Consumer services
VAL,Valaris Limited,45.26,USD,1.2075134168157406,0.4025044722719135,-1.5274509425157505,-1.6352084751191285,60.106191533217995,777512,0.5630897776485125,63830115.2496,89.75189999999999,Spinning Top White,3218818552.2347946,USD,Industrial services
GRND,Grindr Inc.,15.67,USD,1.0967741935483868,0.3870967741935516,0.480625748246257,0.4785180750532785,11.725486231693619,188736,0.219925920254318,23424049.56,13.263,,2767516249.3638706,USD,Technology services
DIN,"Dine Brands Global, Inc. Common Stock",32.99,USD,4.930025445292623,0.3816793893129689,0.4473240183541417,0.11178688600061548,36.90218788173795,240110,0.5530682724096764,14867136.587,97.5118,,502981131.552481,USD,Consumer services
PSLV,Sprott Physical Silver Trust ETV,10.7272,USD,0.7248826291079764,0.3755868544600859,-0.08886298799779697,-0.03146550914078716,9.883697334264872,9920349,1.0964719812466561,518852547.24,99.99759999999999,Hanging Man,5525910000,USD,Miscellaneous
CTRA,Coterra Energy Inc.,24.99,USD,0.5229283990345898,0.3620273531777951,0.40533918581016437,0.12228463328820283,25.439222921451755,1869167,0.35575759834333925,722719874.5350001,98.1363,,18403758134.43403,USD,Energy minerals
CNK,"Cinemark Holdings, Inc.",33.735,USD,1.2758931251876227,0.3602521765235588,1.2468193379932575,1.1031898648961018,25.089198985610945,990304,0.3177919788255062,109377545.995,89.3863,Hammer,4127967416.2078953,USD,Consumer services
OMI,"Owens & Minor, Inc.",14.28,USD,0.9187279151943393,0.3533568904593564,0.10804584129873618,0.27361785911313596,16.09499231843433,113484,0.2158485613614642,69909409.779,90.6631,,1101116070.9116607,USD,Health technology
ALV,"Autoliv, Inc.",99.03,USD,1.2059274399591282,0.3372508942258687,0.45929792526096647,0.2871497448687137,101.7744661467735,234561,0.3336182692772678,78529305.19919999,99.71759999999999,"Bearish Engulfing, Marubozu Black",7798784641.1619835,USD,Producer manufacturing
RRC,Range Resources Corporation,34.52,USD,1.1426897157925595,0.32229709932610434,0.8314997538489903,0.5589188326553938,32.356919019349455,714510,0.3572633242354547,238130016.82000002,98.68220000000001,,8330009261.116906,USD,Energy minerals
CIVI,"Civitas Resources, Inc.",47.68,USD,0.6969376979936606,0.3167898627243898,-0.5494726148832272,-1.006916368625113,60.09627980884314,450011,0.3775100132083335,91699976.692,95.012,,4601790279.096092,USD,Energy minerals
EXAS,Exact Sciences Corporation,62.47,USD,1.0841423948220092,0.3074433656958007,-0.6225499008003611,0.47786000417266195,60.58146888933863,765850,0.3038138124545455,182378887.452,98.5427,,11561715940.416666,USD,Health technology
SDGR,"Schrodinger, Inc.",22.1,USD,1.9843101061375157,0.2768804799261593,0.7812206480648383,0.7738720725282064,22.01167534094766,214866,0.32991174867635303,62053328.1078,97.5186,,1608803373.068759,USD,Technology services
WT,"WisdomTree, Inc.",11.485776,USD,2.368770053475926,0.2673796791443793,0.271384203474068,0.16650046535372454,9.82174377621874,332464,0.21262990855732028,116536933.52000001,79.763,,1678113870.3879142,USD,Miscellaneous
DG,Dollar General Corporation,82.29,USD,1.8440594059406055,0.24752475247525105,-0.5850526621173755,0.3621214401523076,107.88704504181398,1787420,0.3640965615483541,219241150.436,99.6886,,18097684433.293816,USD,Retail trade
HXL,Hexcel Corporation,64.14,USD,1.8580276322058151,0.22232809274257676,0.5198093372509078,0.7277202900288984,64.0923745246364,321267,0.4006739196968484,80402279.4495,99.25949999999999,,5195476629.302525,USD,Electronic technology
CPNG,"Coupang, Inc.",23.695,USD,1.1310285958173305,0.21340162185232914,-0.19647163227041264,-0.3145865907054137,22.351044108604444,3911950,0.4493079151206531,1187465574.26,73.11710000000001,"Gravestone Doji, Long Upper Shadow",42623976609.971405,USD,Retail trade
DXCM,"DexCom, Inc.",79.64,USD,1.5686774646091113,0.19130212983038603,1.9148044027296929,1.9688605260482746,90.19669320814533,1555645,0.4777473262079301,385547731.40999997,98.70779999999999,"Hammer, Long Lower Shadow",31107016515.383755,USD,Health technology
NE,Noble Corporation plc A,32.51,USD,0.27760641579270917,0.1850709438617988,-0.20059852163040734,-0.3926709464552971,39.19517479931847,432643,0.25671760713126945,126593509.56,78.932,,5214047916.550277,USD,Industrial services
NATL,NCR Atleos Corporation,34.695,USD,4.377256317689525,0.18050541516244034,1.2960773979116391,1.4641107495919137,27.05001623863922,453114,0.8739326913247839,70763392.126728,97.6213,,2514959339.275722,USD,Electronic technology
M,Macy's Inc,16.89,USD,1.0167464114832638,0.17942583732058098,0.23066308495234525,0.33011227678740696,16.619673183512297,4492992,0.7010587160110939,275282439.699,99.2463,,4684836754.28469,USD,Retail trade
CMA,Comerica Incorporated,67.8706,USD,0.26680455015511645,0.17727877086719537,1.646572995071315,0.9587838848306944,58.132825818939985,904706,0.563537935842812,130338396.354,99.10609999999998,,8925946315.936815,USD,Finance
OPCH,"Option Care Health, Inc.",23.86,USD,2.6678141135972506,0.17211703958693073,-0.8443647056038602,-0.5556996661542506,28.727768788266147,596481,0.2933216427125322,168204688.047,98.83869999999999,,4060524075.727195,USD,Health services
BLMN,"Bloomin' Brands, Inc.",13.135,USD,3.262578616352194,0.15723270440251236,-0.6367494149625961,-0.5871339864794152,18.693418773080932,1089251,0.6338324035193624,83088884.0644,97.9324,,1114413761.211478,USD,Consumer services
MOS,Mosaic Company (The),26.065,USD,0.21145713187235565,0.15378700499807438,-0.11189376778597267,-0.1386594434195274,28.778605526206743,1821055,0.37263549863692375,315110828.19,99.20219999999999,,8279424666.335064,USD,Process industries
ONON,On Holding AG,55.455,USD,0.7906215921483009,0.14540167211922625,2.0903736562187896,1.7125340902383215,43.73388092936888,1319870,0.4110029603224125,213208017.84552,74.65879999999999,,17752270723.475735,USD,Consumer non-durables
XMTR,"Xometry, Inc.",33.665,USD,2.5746496039000575,0.12187690432662751,2.21278940956503,2.030823361751658,21.489432265626192,239158,0.6026818001980732,41444438.478099994,88.39009999999999,Doji,1668579813.6177638,USD,Producer manufacturing
SPNS,Sapiens International Corporation N.V.,28.21,USD,0.14199503017394088,0.10649627263044936,-1.8814165899365647,-1.5010950395240386,32.83836236194118,64327,0.3401941838489435,30562602.98,54.82749999999999,,1572516599.3148737,USD,Technology services
DNUT,"Krispy Kreme, Inc.",10.175,USD,0.3451676528599619,0.09861932938855805,-0.18328648884033608,-0.2714253552504431,11.635687223642309,906466,0.674906920404456,83050440,48.8532,,1729750058.2001972,USD,Distribution services
INTA,"Intapp, Inc.",68.7,USD,2.4455711303310474,0.08947211452430998,3.3139248770219014,3.745095776519058,45.25714561229631,314335,0.5646959362049078,69916328.92549999,90.34809999999999,,5316383522.174172,USD,Technology services
RSI,"Rush Street Interactive, Inc.",13.565,USD,2.4546827794561876,0.0755287009063428,0.7926277959140731,0.7051356864291378,9.510398346978018,815597,0.4711972133400605,81885804.622,92.4146,,3061565654.9837613,USD,Consumer services
MRC,MRC Global Inc.,13.695,USD,0.4768892149669809,0.07336757153338068,0.26660142464930925,0.19005390319726345,12.601809272355085,92093,0.24940257990155296,82979031.163,97.3441,Hanging Man,1167402842.7997065,USD,Distribution services
EXE,Expand Energy Corporation,97.38,USD,0.2573870071038814,0.0720683619890944,2.634763337921081,1.9895204058515645,84.99860080503396,742372,0.309074059710581,206964695.775,89.5575,,22504188088.029446,USD,Energy minerals
TRIP,"TripAdvisor, Inc.",14.225,USD,1.5346181299072081,0.07137758743754309,-0.23918428153369015,-0.19115168179336095,16.907349210113477,414439,0.2589906738385668,105056893.608,83.0253,"Gravestone Doji, Long Upper Shadow",1982052709.42541,USD,Consumer services
ERII,"Energy Recovery, Inc.",16.8,USD,1.2658227848101318,0.0602772754671583,-0.5113516409208982,-0.3835098222223188,16.737828440339023,190292,0.4538032481086961,56024853.3324,96.7716,,972617495.6962028,USD,Producer manufacturing
HST,"Host Hotels & Resorts, Inc.",19.085,USD,0.7655755015839469,0.05279831045405496,0.226782594792116,0.31867929047162846,17.965120131970647,2590437,0.3428080703997876,689996147.262,98.70779999999999,Bearish Engulfing,13239614100,USD,Finance
PYCR,"Paycor HCM, Inc.",19.39,USD,1.3061650992685474,0.05224660397073151,0.8682534304371059,0.9396415673077207,16.070892781852468,608169,0.6637026608936215,81504281.59899999,45.366099999999996,Marubozu White,3483584281.9331245,USD,Technology services
CWH,"Camping World Holdings, Inc.",25.03,USD,0.24028834601522736,0.040048057669209304,0.4134894292382069,0.47518417219495035,22.679581418470523,562167,0.5100463341964951,55641164.5398,92.54140000000001,,2492779586.4068885,USD,Retail trade
DT,"Dynatrace, Inc.",57.63,USD,0.3657262277951948,0.034831069313821,0.9042644400445063,1.2079705261437326,50.67316748367818,1061912,0.3252237990077769,294635048.82,98.7105,Marubozu Black,17201634636.25392,USD,Technology services
WAY,Waystar Holding Corp.,33.135,USD,5.626394644564861,0.031877590054185556,0.5241401718671358,0.5746406788133349,,492158,0.383528440141196,77977048.44592,45.3128,,5702073759.004781,USD,Technology services
WFRD,Weatherford International plc,78.52,USD,1.146463995877883,0.012881617931218751,-1.0381723256358593,-1.5488376230922682,96.71872398410108,314027,0.4946329847415694,71519064.712,98.4406,Doji,5704634272.298338,USD,Industrial services
PTLO,Portillo's Inc.,10.555,USD,3.176930596285428,0.006842619745846969,-0.45109221229147345,-0.4849373939414665,12.368772709796417,737909,0.634838685921456,57998591.619179994,92.57789999999999,,783415436.5581621,USD,Consumer services
CVI,CVR Energy Inc.,19.7415,USD,1.4465570400822076,0,-0.44327041145874163,-0.24008165488768185,25.048584313331187,428018,0.3404008066841727,33838332.475999996,33.6596,Bearish Harami,1984624775.9886687,USD,Energy minerals
FIVN,"Five9, Inc.",42.647,USD,2.516826923076916,0,2.399805123492539,2.2928447746085325,43.44485801447572,844913,0.6342914497717066,73874955.068,98.227,,3207412710.662452,USD,Technology services
ATRO,Astronics Corporation,16.37,USD,0.8626001232285925,0,-0.5454871217990549,-0.4761858858054673,18.518434474652025,112173,0.13401399839550693,29015671.3099,97.7449,Marubozu White,575951512.6253852,USD,Electronic technology
NVST,Envista Holdings Corporation,20.175,USD,0.8245877061469222,0,0.3637022394852702,0.08883357752878851,20.216365845954957,1126033,0.5947886525891115,170565508.79700002,99.11010000000002,,3472053323.1334333,USD,Health technology
ZION,Zions Bancorporation N.A.,58.67,USD,1.0332357499569509,0,1.6602790846515447,1.097888959792492,48.25611687491235,588328,0.6366448217960884,145356191.238,98.4058,,8666216771.82969,USD,Finance
FLEX,Flex Ltd.,38.22,USD,0.15723270440252168,0,0.8809929630075122,0.5580755724856914,31.67444305973711,1406753,0.3555322468766176,385028577.351,99.2897,Inverted Hammer,14821083294.742138,USD,Electronic technology
CERT,"Certara, Inc.",11.57,USD,0.5212858384013944,0,0.059519093921653506,0.16448771458518685,13.275098293526224,631571,0.4139694492773686,111309383.25,69.147,"Gravestone Doji, Long Upper Shadow",1862478562.65682,USD,Technology services
ATEN,"A10 Networks, Inc.",18.55,USD,0.8152173913043594,0,0.6775194706290468,0.781970355809726,14.556090004542318,174547,0.22919357926557526,71900054.303,97.427,,1368969507.2907608,USD,Technology services
EYE,"National Vision Holdings, Inc.",12.105,USD,5.444250871080139,0,0.21689483595939385,0.16820577500657308,13.650976963897193,566464,0.30989835016373407,76952020.8158,97.71709999999999,,953265849.2286584,USD,Retail trade
SNV,Synovus Financial Corp.,55.5,USD,1.1666059059423999,0,1.4679986370559237,0.9199560613905859,44.75480482418161,628840,0.5761934362107942,140813310.01999998,99.3988,,7862422458.4943495,USD,Finance
SLRK,"Solera National Bancorp, Inc.",10.5,USD,7.142857142857135,0,0.04386906533007187,0.06229110821433359,9.787892178145258,1201,0.6429680389742491,2976229.65016,71.8268,,43508011.07142857,USD,Finance
NABL,"N-able, Inc.",10.385,USD,0.33816425120773086,0,-0.45393876725234794,-0.3776881227714135,12.511811824835231,361869,0.6730513132599677,66225729.12,35.652,Bearish Harami,1929072768.9082127,USD,Technology services
PDCO,"Patterson Companies, Inc.",23.17,USD,0.7391304347826161,0,0.2618998602300882,0.5182619905704584,23.677329159886092,612613,0.4913689025749879,77921825.012,88.2307,Bearish Harami,2046281764.3252177,USD,Distribution services
IPG,"Interpublic Group of Companies, Inc. (The)",30.96,USD,2.178217821782179,0,-0.06331798455401154,0.08468931479687214,30.773558589867342,6538067,0.7893875001347728,371115816.34,99.62599999999999,,11532867094.883167,USD,Commercial services
IGIC,International General Insurance Holdings Ltd.,24.93,USD,1.1769480519480484,0,1.084865336786818,0.7897082042233414,17.969669578308636,56738,0.5610230478448698,15415350.632499998,34.0991,Marubozu White,1127022293.0673702,USD,Finance
EZPW,"EZCORP, Inc.",12.185,USD,0.6193228736581426,0,0.2286279631431249,0.164842505525149,10.956686673686574,108806,0.26574592085409154,48991547.018699996,95.1379,,663661469.5115607,USD,Finance
CZR,"Caesars Entertainment, Inc.",37.368,USD,1.9312602291325847,-0.0002727768685112227,-0.8510477179704988,-0.8308897155082917,40.147168585192716,1891368,0.5014027133307274,199557816.32,93.9184,,7939966702.436663,USD,Consumer services
ALRM,"Alarm.com Holdings, Inc.",68.87,USD,0.8788633367511477,-0.014647722279172265,2.6146614820840774,2.9736675573286746,60.95630941464122,103079,0.23850111227618365,46766156.6666,94.61259999999999,,3404181426.988575,USD,Technology services
CGNX,Cognex Corporation,38.47,USD,0.28675703858185464,-0.026068821689254458,-0.312031267576596,-0.5460118926428166,41.53481563120144,312901,0.33942672322241957,171081581.595,99.7473,Bearish Harami,6598192697.444995,USD,Electronic technology
CSX,CSX Corporation,34.24,USD,0.7948189579040423,-0.029437739181624994,0.2247906377467931,-0.05668548682515251,34.28783453866055,3881202,0.35767315467605926,1925122401.8,99.82900000000001,"Gravestone Doji, Long Upper Shadow",66029071239.90345,USD,Transportation
RAND,Rand Capital Corporation,21.2803,USD,0.5352671611470631,-0.033070345348898994,0.2379775443241894,0.7797241667294443,16.028351357875884,5946,0.6264486493320409,618293.6650800001,23.9554,,54924902.68729153,USD,Finance
DV,"DoubleVerify Holdings, Inc.",20.52,USD,0.884955752212388,-0.049164208456251544,0.6281346067622544,0.5629023755107418,22.040210111246875,440620,0.3639641312530883,142036854.775,83.9635,,3471266001.7699113,USD,Technology services
ORA,"Ormat Technologies, Inc.",79.235,USD,0.8720560152768966,-0.06365372374283534,0.203706579700636,-0.12506465981103077,75.15522022947927,155403,0.40156280886987056,60329118.7695,99.75630000000001,,4791857895.403183,USD,Utilities
GNK,Genco Shipping & Trading Limited,15.43,USD,1.1140235910878107,-0.0655307994757522,-0.32674086643906264,-0.46291498700743006,17.921666373658518,127953,0.2665876332906914,41843180.245299995,97.8607,,659754351.4986894,USD,Transportation
AR,Antero Resources Corporation,31.685,USD,1.5870471304905334,-0.09618467457518799,0.8933395439927596,0.6140017981435015,28.990828533184583,1250930,0.3541154795849636,288041403.16,92.56900000000002,,9859231555.364538,USD,Energy minerals
SSYS,"Stratasys, Ltd.",10.32,USD,0.9784735812133037,-0.09784735812132864,0.4667109518307958,0.4796921880847318,9.221134569078565,245497,0.34578610466559184,57022518.36,80.9519,,726940844.4305284,USD,Electronic technology
ZD,"Ziff Davis, Inc.",58.75,USD,-0.017018379850234872,-0.10211027910142131,2.3380475974268,2.048863308167725,53.84576367046179,92890,0.2605746050144552,42106805.401499994,98.51549999999999,,2511052121.872873,USD,Technology services
CUBI,"Customers Bancorp, Inc",54.28,USD,0.8734435978442647,-0.1115034380226766,1.6308363536522017,1.1260685572267093,49.395282742654516,78937,0.302810250366923,28807937.646199998,91.89339999999999,,1701637790.8366475,USD,Finance
SBRA,"Sabra Health Care REIT, Inc.",17.965,USD,0.9836987071388461,-0.11242270938729385,-0.0824081382329806,-0.16588410815182897,16.644188850946566,758224,0.3927158132204925,232692541.393,98.35390000000001,Hammer,4208879517.9999995,USD,Finance
OGN,Organon & Co.,15.18,USD,0.8637873754152756,-0.13289036544851396,-0.47798210294596805,-0.4148021270468121,18.49056662885057,2496253,1.0235748953515096,256981428.065,99.7835,,3909440238.7455144,USD,Health technology
AM,Antero Midstream Corporation,15.145,USD,1.0340226817878544,-0.13342228152101115,0.09482239607998935,0.018688699175090306,14.453894830017537,561652,0.20545455483243014,336480131.328,69.9072,,7289651946.6587715,USD,Industrial services
DLTR,"Dollar Tree, Inc.",73.075,USD,2.0600558659218,-0.13966480446926582,1.1535463499003251,1.6971928265415954,92.28499506865029,1330855,0.2959106802909508,214795575.85200003,99.88680000000001,,15713947936.238827,USD,Retail trade
BWA,BorgWarner Inc.,34.27,USD,-0.08746355685129456,-0.14577259475217832,-0.02435057319513691,-0.022635887819056677,34.24576413669762,620355,0.28660336972807204,217243239.3,99.33390000000001,Hammer,7494844544.900002,USD,Producer manufacturing
MAT,"Mattel, Inc.",19.22,USD,0.47046523784631394,-0.15682174594875894,0.0028673054307861573,0.06812843396571822,18.8258787637907,721895,0.24160195622968217,333813322.2,99.0838,"Dragonfly Doji, Long Lower Shadow",6475217599.122844,USD,Consumer durables
SLB,Schlumberger N.V.,41.5244,USD,0.860820986154963,-0.17002671848433393,0.03202778370915542,-0.2861896229887506,45.532714042853854,5094735,0.5155069469110214,1409229673.8,99.7932,Shooting Star,58638857277.55732,USD,Industrial services
IMVT,"Immunovant, Inc.",29.2,USD,1.7421602787456445,-0.17421602787456694,-0.29399287619117326,-0.044268909765936115,29.400896465194673,345197,0.46655159555409764,62134384.07,42.3302,,4286111527.6794424,USD,Health technology
BTU,Peabody Energy Corporation,22.45,USD,0.04456327985738864,-0.17825311942960204,-0.6284868445859713,-1.0225536181428296,24.205983235169498,643137,0.19418676147000735,120702109.5,99.3433,,2727675065.028966,USD,Energy minerals
DTM,"DT Midstream, Inc.",99.055,USD,0.41054232133806495,-0.18246325392803528,3.364713948210345,2.055474141370837,78.06403738547792,358610,0.40251568656194064,100515643.627,99.7367,,9982876292.621338,USD,Industrial services
TOST,"Toast, Inc.",38.32,USD,0.05221932114883323,-0.18276762402088848,2.207016339256038,1.2594279507456108,28.12935937026775,3565932,0.4367256644158782,407983497,86.6207,,21765759566.77389,USD,Technology services
LYFT,"Lyft, Inc.",16.315,USD,0.09202453987730409,-0.18404907975460819,0.5597881392083408,0.283325283782208,14.172648117255994,4248388,0.320685941951076,353857229.416,87.0956,,6767736645.508896,USD,Technology services
IAS,Integral Ad Science Holding Corp.,10.98,USD,1.9498607242339914,-0.1857010213556135,-0.06123610968538135,-0.09441753288384369,11.219044977859252,515830,0.7114244985011028,73412808.33,45.1299,,1786121682.200557,USD,Technology services
TENB,"Tenable Holdings, Inc.",43.01,USD,0,-0.18600325505695953,0.3742004583377504,0.4609654813697688,42.446512136597846,227722,0.2668233628915843,118024107.915,98.2429,,5167022975,USD,Technology services
NOV,NOV Inc.,15.305,USD,1.0231023102310188,-0.19801980198020552,-0.05364922791095523,-0.17682555695331992,17.318247065323824,1247615,0.36076481684292244,386421887.272,99.3158,,5954933033.441914,USD,Industrial services
HAL,Halliburton Company,29.425,USD,1.1863823933975326,-0.20632737276478239,0.35683926483314715,0.019650379659211126,32.37648212076887,3564290,0.4142249979392124,874746403.9499999,99.57249999999999,,25849921699.09302,USD,Industrial services
FTI,TechnipFMC plc,30.56,USD,0.8248102936324646,-0.23094688221709103,1.012176375714173,0.8982928337159635,25.898828268927403,1121132,0.2550113091364662,420907728.07500005,98.94050000000001,Bearish Harami,13000682432.263939,USD,Industrial services
HHH,Howard Hughes Holdings Inc.,84.03,USD,-0.20190023752969322,-0.23752969121140477,1.8447066081537689,1.5727336316790286,73.92955268489587,43338,0.21847714302998533,49566584.2875,98.86130000000001,,4213055318.5852723,USD,Finance
FRSH,Freshworks Inc.,16.855,USD,0.2080856123662315,-0.2378121284185443,0.8640179910587827,0.7871456014265217,14.415853421598495,3591288,0.9032015133737297,169436521.27182,72.72430000000001,,5104612458.210761,USD,Technology services
PAX,Patria Investments Limited,12.675,USD,0.9960159362549801,-0.23904382470120428,0.13265217592442494,0.14894936729592523,12.472956529475168,287726,0.41612991914908326,58935103.127,98.6081,,1935630009.3466136,USD,Finance
INSW,"International Seaways, Inc.",37.715,USD,0.6270010672358767,-0.24012806830308514,-1.93094732152286,-1.9748746895013767,49.0689589229558,214002,0.28130460495278137,39557012.7216,80.41220000000001,Spinning Top White,1855307959.3924763,USD,Transportation
BN,Brookfield Corporation,59.44,USD,0.49027895181741193,-0.2535925612848666,1.4198420713932722,1.212845043918712,48.53928374452999,1288950,0.5870117451989643,1211001374.62,80.2849,,89663321354.37051,USD,Finance
RDWR,Radware Ltd.,23.28,USD,0.04297378599055249,-0.2578427159432691,0.3052655272557449,0.24494604164176437,20.790850552602784,106471,0.6717036078100347,31674671.361,75.8003,Marubozu White,972800195.4997852,USD,Electronic technology
JWN,"Nordstrom, Inc.",22.995,USD,0.2834714348015756,-0.26166593981682823,0.11170704221664728,0.08083187107901324,21.545343805766937,800221,0.22746434535947252,94911234.40799999,57.554399999999994,,3792035059.025731,USD,Retail trade
CARR,Carrier Global Corporation,73.29,USD,0.1229508196721358,-0.27322404371585085,-0.3214291694165889,-0.6190071915187474,68.75736359587236,2409908,0.6095215144269133,837380164.646,93.3298,,65757790176.66968,USD,Producer manufacturing
CMG,"Chipotle Mexican Grill, Inc.",64.975,USD,0.6116444719727409,-0.27872406317744286,1.2061481193972599,1.595901229744527,56.44447380898123,3065352,0.3480648855156424,1351206923.14,99.16460000000001,,88534483827.20268,USD,Consumer services
CAG,"ConAgra Brands, Inc.",27.925,USD,0.6669069935111834,-0.2883922134102318,-0.4232488933293152,-0.2727603402352692,29.61997173006859,1499127,0.2834854141240551,474643225.77000004,99.44900000000001,,13327848701.16709,USD,Consumer non-durables
CART,Maplebear Inc.,42.67,USD,0.4709206498705035,-0.30609842241581225,0.04406487505999165,-0.0828701899001203,36.81104157118429,1027151,0.28954245768213477,168972541.54500002,65.77499999999999,,10961700380.552862,USD,Transportation
ASO,"Academy Sports and Outdoors, Inc.",52.8475,USD,4.835350128942671,-0.3173973417972557,-0.7909163166993535,-0.1435798171731264,54.533188300179596,2596059,1.436198390902061,69350504.7078,98.63730000000001,,3715634202.9206014,USD,Retail trade
PBF,PBF Energy Inc.,31.105,USD,1.9836065573770507,-0.36065573770491616,0.010742226650514872,-0.07210740240252633,37.99649622742659,668406,0.4083485138972264,85869324.71599999,74.58919999999999,Bearish Harami,3580915560.8657374,USD,Energy minerals
IVZ,Invesco Ltd,18.56,USD,1.0893246187363796,-0.3812636165577358,0.0850361422752415,0.1334176728328309,16.749643534561088,2433431,0.7786100927815343,441866936,98.315,,8341605590.27451,USD,Finance
NEP,"NextEra Energy Partners, LP",18.09,USD,0.6677796327212076,-0.3895381190873694,-0.8575252922018994,-0.5107429431166111,26.131431943193824,502580,0.2551099267547513,90925250.55939999,97.21069999999999,,1692033246.1352255,USD,Utilities
GXO,"GXO Logistics, Inc.",49.76,USD,0.020100502512558814,-0.38974874371859153,-0.8720887153553556,-2.200695376313071,54.258030871136214,611923,0.4082756682585639,117151647.704,98.04879999999999,Marubozu Black,5945452145.591959,USD,Transportation
AZZ,AZZ Inc.,96.395,USD,2.362748221301895,-0.39290644578953443,3.365487576551268,3.414072109493901,77.45663121980964,79700,0.4996291961486551,29277278.979,97.9927,,2879988656.1558347,USD,Process industries
CPB,The Campbell's Company,43.575,USD,1.0786360473208152,-0.3943400603108367,-0.6321064687360238,-0.7540932559449232,46.24905568466455,1681721,0.5464014873683476,196321172.495,65.8555,"Hanging Man, Bearish Harami",12990110880.577593,USD,Consumer non-durables
LYB,LyondellBasell Industries NV,77.4,USD,0.11641443538999276,-0.400983055232185,-2.254881420919728,-2.5821952493111837,92.31278294911323,1489899,0.41960383445895233,258794631.45900002,79.6887,,25136175945.56461,USD,Process industries
CLBT,Cellebrite DI Ltd.,19.98,USD,0.5030181086519186,-0.4024144869215206,0.5909787764548257,0.593547125845209,14.908616979585053,383029,0.24957580212834898,86017145.242,41.3381,,4157474540.885312,USD,Technology services
ADM,Archer-Daniels-Midland Company,52.25,USD,0.5194305502116259,-0.4040015390534701,-0.7209769521308995,-0.7233880526514866,59.73958276710929,1293335,0.4054791024648029,475343135.288,99.3332,,25003377183.344555,USD,Process industries
TTC,Toro Company (The),87.64,USD,-0.045620437956211506,-0.42198905109489565,0.7584181705665795,1.0066810491201181,87.75349872540531,195492,0.34398050826387605,102267237.765,99.6611,,8993155710.44708,USD,Producer manufacturing
FTNT,"Fortinet, Inc.",97.3,USD,0.2679307502060912,-0.4225061830173235,3.39309457343055,3.2346566059785715,74.44304394824697,1910766,0.43436660229705754,632082292.3050001,82.4685,Spinning Top White,74575848195.29677,USD,Technology services
CPRI,Capri Holdings Limited,22.312,USD,0.053811659192827155,-0.44843049327354895,-1.7414310414861787,-1.1243769568662536,34.48631055678064,1859035,0.4449898958795908,115205309.43599999,97.7194,Doji,2630460648.227803,USD,Retail trade
TDC,Teradata Corporation,32.51,USD,0.27760641579270917,-0.46267735965452983,0.24115879359217654,0.47063226672994674,33.222375025057396,237140,0.30569071483467514,94199519.7,98.4321,,3111206725.2393584,USD,Technology services
MLI,"Mueller Industries, Inc.",79.76,USD,2.1778119395336955,-0.47399436331027994,-0.3926506281044515,-1.49351023178464,67.50055612365546,392133,0.11784610239612865,109712761.725,96.4635,,9071511275.597233,USD,Producer manufacturing
OVV,Ovintiv Inc. (DE),41.81,USD,1.1124546553808967,-0.483675937122135,0.5642330185817797,-0.013756280470559545,44.093626396100206,1483620,0.5498809743895907,259110890.16,99.534,,10884165391.507376,USD,Energy minerals
DNB,"Dun & Bradstreet Holdings, Inc.",12.5,USD,1.4610389610389587,-0.48701298701299106,0.224191592343302,0.17007697609289885,11.213530522286879,1464757,0.9251958345510783,297155155.5,67.30199999999999,"Dragonfly Doji, Long Lower Shadow",5519068009.334416,USD,Technology services
CTS,CTS Corporation,56.49,USD,1.5459284558691344,-0.5213014560488929,1.0216381974177646,0.9524643788349749,49.16571356188635,38895,0.29371830228631324,29331894.689999998,97.398,,1701227185.4366348,USD,Electronic technology
WBS,Webster Financial Corporation,59.77,USD,1.1165623413974008,-0.5244459482321134,2.028975450827252,1.4058284193896284,49.33593829486188,441103,0.5743720103170106,169832685.18,99.0798,,10245197001.215025,USD,Finance
OOMA,"Ooma, Inc.",15.49,USD,1.773981603153742,-0.5256241787122212,0.6822569357372947,0.718826247435068,11.1927670830463,146512,0.7850941848308649,23627710.8,88.1631,,415131995.92904073,USD,Communications
SCL,Stepan Company,75.65,USD,0.11911064055056036,-0.542615140285861,0.07829155052533214,-0.07643511127407976,80.07858774494407,15589,0.13561961434232447,21472158.4221,95.4543,,1701726124.462017,USD,Process industries
CRK,"Comstock Resources, Inc.",15.4175,USD,4.596336499321575,-0.5427408412483045,0.7273766902993156,0.612757552734541,11.433750226272743,989548,0.6373900982145054,77483359.537,26.511699999999998,,4505928510.709125,USD,Energy minerals
AS,"Amer Sports, Inc.",25.9,USD,0.4265219077161668,-0.5428460643660356,1.8128066788175583,1.79283121822019,16.340466597825188,1285722,0.2819968871866378,65814318.1456,13.0261,Doji,14150716218.953081,USD,Consumer durables
SBH,"Sally Beauty Holdings, Inc. (Name to be changed from Sally Holdings, Inc.)",12.77,USD,0.3142183817753272,-0.5498821681068365,0.13522430370710764,0.012800763902477641,12.2658738590997,882521,0.35733352207112634,101005638.448,99.1408,,1301019891.5011783,USD,Distribution services
MNST,Monster Beverage Corporation,53.18,USD,-0.05638037962789163,-0.563803796278903,0.2074653366244275,-0.06452795577872905,52.59270407293243,1457904,0.3076910219091727,692902994.64,71.2482,,51718597519.0716,USD,Consumer non-durables
LAND,Gladstone Land Corporation,11.518,USD,1.0350877192982484,-0.6140350877193007,-0.3524620317115998,-0.35462192561024075,13.515820043551964,182559,0.6027697315223287,33605744.0616,92.8728,,412505088,USD,Finance
VSH,"Vishay Intertechnology, Inc.",18.085,USD,-0.3581267217630729,-0.6242424242424179,0.18718284280654512,0.31821625069746773,20.120233622683667,702299,0.2042418620276933,122702565.528,99.1608,Marubozu Black,2456639457.8338847,USD,Electronic technology
IMAX,Imax Corporation,26.01,USD,1.8003913894324886,-0.6262230919765172,0.9226805515613297,0.8086082277190698,20.173681735991003,138663,0.22622613183219623,42219993.6878,80.1403,,1370275427.7158513,USD,Consumer durables
PARA,Paramount Global,11.105,USD,-0.5819158460161101,-0.6266786034019721,0.04921452817395068,0.06182129523718949,11.506552752953741,3811451,0.29515159626911813,591531131.598,94.4526,Doji,7904084671.285586,USD,Consumer services
OBK,"Origin Bancorp, Inc.",36.59,USD,1.5542603386067229,-0.6383569247849126,0.6795354983200051,0.7880587709158746,32.49603757151819,120300,0.9448160469405863,28194551.4773,90.4579,,1140463923.2159312,USD,Finance
Z,"Zillow Group, Inc.",82.4001,USD,0.4389322281813609,-0.6460263286201866,4.623965731611429,3.9914696248499126,58.695732153588786,1115280,0.4563005525169295,152613970.275,88.20750000000001,,19075605638.472164,USD,Technology services
CRI,"Carter's, Inc.",55.11,USD,1.754062038404732,-0.6646971935007375,-0.863248899478384,-0.4474068200024419,64.18964054152015,410552,0.40861353737867556,34942283.4712,96.95739999999999,,1986098854.1033974,USD,Retail trade
THRM,Gentherm Inc,43.41,USD,1.448936667445659,-0.6777284412245832,-0.2622746234111668,-0.16729091777418859,47.760630207718535,77589,0.3725761513416209,30477121.7652,98.37740000000001,,1344831707.8597803,USD,Producer manufacturing
UFCS,"United Fire Group, Inc",31.03,USD,0.388223875768363,-0.6793917825946324,2.2908121600646787,2.195995691324214,22.687751565800518,43025,0.3020455557006404,20865113.9298,82.3338,,786365777.6033646,USD,Finance
AZTA,"Azenta, Inc.",47.025,USD,0.3949615713065653,-0.7258753202391192,0.4416593828604191,0.6187978889981096,50.17126819176763,156799,0.2336692051530349,44400088.044,97.4045,,2143550098.4660542,USD,Health services
FBK,FB Financial Corporation,56.15,USD,1.1347262247838534,-0.7564841498559108,1.4953459559886704,1.1730308682578467,45.02834480210752,54783,0.4538108330427104,34785615.6459,74.54790000000001,,2620074250.0999637,USD,Finance
AVNT,Avient Corporation,49.8,USD,0.04017677782241065,-0.7633587786259592,0.38509242993954446,0.08420365386925965,45.9631634971661,228394,0.44407424323114103,89535558.8052,97.9983,Spinning Top Black,4549949425.926075,USD,Process industries
AB,AllianceBernstein Holding L.P.,36.14,USD,-0.4955947136563869,-0.7709251101321617,-0.1461631966924428,-0.16507341659391273,34.7350709347039,295723,0.8597161151528806,104701479.705,92.3823,,4099553791.790749,USD,Finance
ASC,Ardmore Shipping Corporation,12.03,USD,3.2618025751072874,-0.7725321888412005,-0.8672764329011262,-0.6715821438200766,16.374282961128134,535443,0.4913135148814565,39537603.1061,94.4933,,503355240.0180257,USD,Transportation
PEBO,Peoples Bancorp Inc.,35.05,USD,1.3884871275672457,-0.7810240092565899,0.7580302833402784,0.5446260878092914,31.104954250734288,47031,0.4896899702631338,34222362.6068,96.29739999999998,Marubozu White,1245614981.6763086,USD,Finance
KBR,"KBR, Inc.",59.25,USD,0.38969840731954736,-0.796340223653009,-1.72207992276416,-1.7468979699717195,63.593659021092,473158,0.41783243167299083,131524377.37799999,98.7109,,7894588821.247034,USD,Technology services
OVLY,Oak Valley Bancorp (CA),31.46,USD,0.995184590690216,-0.8025682182985555,0.9044346718893436,0.851917575692692,26.64165295451422,3268,0.3593617699776774,6710129.98541,80.2771,,262965052.45329055,USD,Finance
HSTM,"HealthStream, Inc.",33,USD,2.516309412861144,-0.807704255980112,0.7108533711803103,0.6022327227716353,28.651458994271437,28448,0.18748701990116995,24016061.263499998,78.9615,,1003691084.9021436,USD,Technology services
AVPT,"AvePoint, Inc.",18.845,USD,1.6999460334592427,-0.8094981111710854,1.3407137437426495,1.2838110844039115,11.559180807066376,559954,0.36407044691693147,100493332.763,53.5933,Doji,3533650419.0070148,USD,Technology services
WYNN,"Wynn Resorts, Limited",96.06,USD,0.1250781738586664,-0.8234313112361811,0.24930065195815743,0.7956231136203655,91.1064383044561,638405,0.3080197505503446,88863505.965,80.9211,Bearish Engulfing,10548826470.965603,USD,Consumer services
KFY,Korn Ferry,72.22,USD,-0.41367898510755263,-0.8273579702151053,0.6450408159632514,-0.2587581496129019,68.6106406227403,174549,0.42392664946177644,51257174.4484,98.5514,Marubozu Black,3756208463.8212905,USD,Commercial services
EL,"Estee Lauder Companies, Inc. (The)",82.29,USD,0.7468168462291863,-0.8325171400587743,-0.6634081786987039,1.3761731069391203,103.80661567842577,2157122,0.3895378612276268,232290062.676,99.50909999999999,,29540302498.336555,USD,Consumer non-durables
BL,"BlackLine, Inc.",63.43,USD,0,-0.8355667665142695,1.518681604924823,1.524670695229652,55.61234151933506,112534,0.21402528006493754,51317779.012499996,82.1275,,3963456515,USD,Technology services
NBN,Northeast Bank,98.04,USD,0.22490288284605717,-0.8382743815170653,2.9180896976481017,2.118584338876758,72.7076408895361,57442,1.0562103521191506,7015660.3629,87.941,,782132699.7374771,USD,Finance
IMXI,"International Money Express, Inc.",21.52,USD,0.8907641819034284,-0.8438818565400831,0.6547576082237049,0.5668543672011701,19.78045461930644,85812,0.5426471787873595,29010546.6898,93.28540000000001,,669243108.920769,USD,Commercial services
CNX,CNX Resources Corporation,37.155,USD,1.1846405228758232,-0.8442265795207033,0.8526368822233131,0.2622992945926015,29.529724101164927,591581,0.3231029055727101,142157042.682,95.2342,Hanging Man,5546173115.665032,USD,Energy minerals
LBRDA,Liberty Broadband Corporation,80.42,USD,3.95553257497415,-0.853154084798341,0.18264592645782513,-0.884067214990182,71.58801801569,185710,0.37363791466143026,16482643.9472,90.3733,,11612087473.847467,USD,Communications
PPIH,"Perma-Pipe International Holdings, Inc.",16.815,USD,-0.6205673758865273,-0.8865248226950481,0.7264450970199241,0.809497839500791,11.27935326588352,21020,0.3236559884826508,7098890.37625,88.9825,"Inverted Hammer, Long Upper Shadow",134147595.45212768,USD,Producer manufacturing
VVI,Viad Corp,44.475,USD,1.936740774696307,-0.8938803575521443,1.3130650465784384,1.0635864348382071,36.508413849741274,40782,0.3426837087012017,20503975.8558,96.7082,,942954801.1746505,USD,Commercial services
BRBR,"BellRing Brands, Inc.",76.97,USD,0.39128733533324267,-0.9390896047997899,2.8456517951323264,2.4631552678518744,60.538220886684115,428890,0.4307117383686038,127697889.55,99.0098,,9927229472.461197,USD,Consumer non-durables
ALKT,"Alkami Technology, Inc.",37.93,USD,-0.6027253668763022,-0.9433962264150929,0.7776204001759959,0.5514281848274223,31.16709634526561,219159,0.18664391319706916,63450187.908,63.1364,Marubozu Black,3811838234.67977,USD,Technology services
HCSG,"Healthcare Services Group, Inc.",12.84,USD,2.147971360381858,-0.9546539379475019,0.3269426230839376,0.36243888519460477,11.239233885251142,105883,0.2557176809951937,72508717.5075,98.93249999999999,,941057108.0477326,USD,Commercial services
BRKR,Bruker Corporation,61.095,USD,-0.5777054515866623,-0.9601301871440251,-0.3373147904887218,0.45433494501106964,65.49644581209441,473921,0.35706557690771856,102924126.94399999,67.8928,,9261894348.522131,USD,Health technology
CARG,"CarGurus, Inc.",38.27,USD,1.0562450488513486,-0.9770266701874768,1.4300496436212928,1.4014298731086328,28.425264620250335,239143,0.3661024100240442,82893804.9016,94.2502,,3968906427.245313,USD,Technology services
RPD,"Rapid7, Inc.",41.89,USD,0.6487265737626217,-1.0091302258529424,0.7680715378485035,0.6530110711577066,41.79060795257188,354639,0.5042338329855791,60834329.8888,96.2468,Marubozu Black,2647724413.6107645,USD,Technology services
PKOH,Park-Ohio Holdings Corp.,31.82,USD,3.614457831325299,-1.0094431781178843,0.4156067299279262,0.1747082479842632,27.984151385277112,25608,1.0549733043306309,9180720.5971,65.38090000000001,,446812961.6626506,USD,Producer manufacturing
ETSY,"Etsy, Inc.",58.8,USD,0.08510638297871857,-1.0211063829787201,1.249658150120684,1.7537449878268419,59.69190207910443,1171899,0.31759213411499887,111426700.76,99.053,"Long Upper Shadow, Shooting Star",6614558569.634042,USD,Retail trade
OXM,"Oxford Industries, Inc.",83.4775,USD,2.50184184675836,-1.0314341846758392,0.8827217429729327,1.1810108480799926,89.42465704495152,205846,0.5848888050363072,15130033.7705,96.3985,Marubozu Black,1310203418.657263,USD,Consumer non-durables
NTCT,"NetScout Systems, Inc.",22.9,USD,2.59856630824372,-1.0752688172043101,0.23692246384548113,0.27927503885874927,21.26142068661195,176063,0.4693396301860799,69012984.0516,96.22919999999999,,1642326156.6621861,USD,Technology services
LEG,"Leggett & Platt, Incorporated",12.0009,USD,0.09090909090908646,-1.0842368640533844,-0.06365479421199507,-0.06981307397529157,14.75450780198357,847798,0.5349387506935984,131418401.10000001,97.85800000000002,Marubozu White,1611658615.4563637,USD,Consumer durables
TMHC,Taylor Morrison Home Corporation,68.92,USD,-0.7202535292422932,-1.094785364448293,0.47538288686797314,-0.023006888682829185,62.96552413821509,237847,0.3289487696455496,100895396.07599999,97.50419999999998,,7131695991.3598385,USD,Consumer durables
OMC,Omnicom Group Inc.,93.82,USD,1.0773540185304893,-1.0989010989010946,-0.051774969977633784,-1.0274315091089505,96.39507367672738,2940901,1.3542754062629128,192857234.22,98.854,Long Upper Shadow,18303634007.23422,USD,Commercial services
FIBK,"First Interstate BancSystem, Inc.",34.35,USD,0.2626970227670853,-1.1383537653239948,0.7339972452599136,0.5907401584843655,30.069756405167013,511445,0.7903049823618644,90023640.19,86.1223,,3590600565.070053,USD,Finance
KD,"Kyndryl Holdings, Inc.",35.21,USD,2.3546511627907045,-1.1627906976744147,2.3620006863832503,2.3603546831420026,24.707317554582215,939240,0.44810091688363474,228791056.77692,98.50179999999999,,8178259985.73256,USD,Technology services
W,Wayfair Inc.,54.795,USD,-0.1548833819241998,-1.1661807580174937,1.0185049334821,2.426925817250684,50.66146139435668,1960141,0.48716572210536885,89891321.7348,90.2276,,6866857886.908982,USD,Retail trade
CTRE,"CareTrust REIT, Inc.",29.04,USD,0.6934812760055453,-1.1789181692094308,-0.33378296044076555,-0.43787831037843716,27.60276537137081,710286,0.35191378630975373,186507780.48000002,99.56640000000002,,5402314321,USD,Finance
BKR,Baker Hughes Company,41.475,USD,0.10861694424330608,-1.2068549360366883,0.9885611243599263,0.46552766343674534,36.35707074686254,3589378,0.6366907318341322,988420699.458,99.8883,Bearish Harami,41040583598.1318,USD,Industrial services
HLX,"Helix Energy Solutions Group, Inc.",10.07,USD,1.7171717171717165,-1.2121212121212221,0.11501896639318535,0.0014765123937081626,10.421297562900913,343460,0.35016967110191805,142980649.97599998,94.00189999999998,,1531682190.0727272,USD,Industrial services
BHE,"Benchmark Electronics, Inc.",47.805,USD,0.45177558310568666,-1.2397562513133082,0.6457900381373614,0.4144242446762689,40.53783404855008,53967,0.25595664668193546,34823761.02900001,96.74100000000003,Marubozu Black,1720832657.3355744,USD,Electronic technology
TARS,"Tarsus Pharmaceuticals, Inc.",50.8,USD,0.27635215159889576,-1.3028030003947821,2.427796238883409,2.223867590763625,34.37138133011598,191545,0.4401226815119752,32556703.923,85.167,,1941927973.0043428,USD,Health technology
AES,The AES Corporation,13.665,USD,0.47794117647058465,-1.3235294117647038,-0.7469624656253375,-0.5447921856069957,16.995809535040717,7541935,0.4917770189705566,709658984.052,99.80760000000001,Long Lower Shadow,9716184754.80441,USD,Utilities
CURB,Curbline Properties Corp.,24.18,USD,-0.6573541495480696,-1.3968775677896461,0.20123249400584675,0.17445455016609657,,299614,0.5968753560964104,95259491.42403,90.68740000000001,,2556710000,USD,Finance
IDYA,"IDEAYA Biosciences, Inc.",27.92,USD,0.6851785070320998,-1.4064190407500923,-0.7909018301974984,-0.5548511756856627,33.77410579720958,238506,0.24075800220098761,77211428.4396,89.3322,,2413175626.4377933,USD,Health technology
GCBC,"Greene County Bancorp, Inc.",31.31,USD,0.1919999999999959,-1.4399999999999977,-0.046184541189521436,-0.1153789410901922,30.302060955800936,7014,0.25912516624796805,6940685.5644,40.763299999999994,,533110008.72607994,USD,Finance
FNKO,"Funko, Inc.",11.46,USD,0.3502626970227752,-1.4886164623467595,0.013051977301011822,0.08934531604666063,10.02068502413795,2840037,4.80176411810157,34714378.6496,65.8432,,620625835.2819616,USD,Consumer durables
GLNG,Golar LNG Limited,42.745,USD,1.4597673866603247,-1.4953714692618147,0.9964251746758549,1.4848197308234177,32.39302136668966,519062,0.27242806795427316,93222839.871,89.1513,,4469712346.463327,USD,Transportation
WRBY,Warby Parker Inc.,23.47,USD,-0.12765957446808993,-1.531914893617019,1.3646637977742229,1.2028962923930813,16.552511205873024,661489,0.4185873331658112,88387640.84650001,86.94250000000001,,2824307536.3693614,USD,Retail trade
XENE,Xenon Pharmaceuticals Inc.,41.8,USD,-0.5945303210463734,-1.5457788347205674,0.04581831634640391,0.0955356664042668,40.89656168003063,117630,0.3168952615766583,73277996.4984,96.11540000000001,Marubozu Black,3186815270.0594525,USD,Health technology
PSFE,Paysafe Limited,19.325,USD,-0.2837977296181616,-1.547987616099075,-0.5662173764450009,-0.3931829163804039,19.055963659824833,171023,0.4666389813249455,31009119.385,51.0245,,1174437634.6800828,USD,Commercial services
GRBK,"Green Brick Partners, Inc.",67.79,USD,-1.223954538831399,-1.573655835640388,-1.2488847881358542,-1.329784974409094,66.61531635035251,117983,0.4342813687429166,40976170.5584,92.0848,Inverted Hammer,3016535924.489436,USD,Consumer durables
CLFD,"Clearfield, Inc.",32.48,USD,0.4950495049504845,-1.6089108910891077,-1.207691685923919,-0.7368166312836415,35.606855662341935,38379,0.3489076125297279,11866325.084999999,83.0475,Marubozu White,464093970.1930693,USD,Electronic technology
LVS,Las Vegas Sands Corp.,55.345,USD,0.3172013775602631,-1.6295087910096082,0.8468491085529085,1.2487549104740268,47.75116811177585,1726514,0.3804250396220539,382437439.506,52.7481,Spinning Top Black,40126572826.00253,USD,Consumer services
SRAD,Sportradar Group AG,17.035,USD,0.2648616833431531,-1.706886403766917,0.976767029549068,0.7706982373867888,12.533987650727271,226389,0.2599964834456078,153625076.20438,74.0135,,5079177248.186286,USD,Technology services
ZIMV,ZimVie Inc.,14.12,USD,0.5698005698005704,-1.7094017094016984,-0.05747002467133984,-0.03675677607547634,15.609928454663597,35539,0.32247322326227956,27070159.428253,98.08429999999998,,389696060.6923078,USD,Health technology
NWL,Newell Brands Inc.,11.585,USD,0.6516072980017469,-1.7376194613379607,0.43793684846636094,0.6249495220179089,8.166719291938618,2892932,0.45100887819295254,414411712,99.6182,,4819360095.619027,USD,Producer manufacturing
BBWI,"Bath & Body Works, Inc.",39.065,USD,-0.31895891809134985,-1.7606532278642455,1.5547656525166151,2.006841330574524,35.77895471177349,1929751,0.24191257745930786,213992329.026,98.8043,,8460779138.413753,USD,Retail trade
HTH,Hilltop Holdings Inc.,32.395,USD,0.6994093876282294,-1.7718371153248376,0.02687087397915239,0.043262838951505955,31.475255235998926,64807,0.3201917385620398,45371459.977800004,69.84340000000002,,2104435401.3473735,USD,Finance
MTG,MGIC Investment Corporation,24.665,USD,0.1421031262687785,-1.7864393016646274,0.15687606681759383,0.05462827107805879,23.101003497618013,624607,0.45410108077899486,249462418.905,98.45970000000001,Marubozu White,6249256304.173976,USD,Finance
YELP,Yelp Inc.,40.96,USD,3.696202531645572,-1.797468354430382,0.886165124348167,1.1402311280498338,36.734370306071185,368093,0.594145817229136,64009095.42169999,97.25209999999998,,2695892500.4800005,USD,Technology services
FMAO,"Farmers & Merchants Bancorp, Inc.",33.16,USD,3.0453697949036576,-1.8023617153511444,1.0127452195609066,0.8081765804554664,26.203136110301443,7192,0.3624926916796032,12576497.186999999,91.80259999999998,Marubozu White,454274826.45866996,USD,Finance
VC,Visteon Corporation,93.91,USD,1.108957795004308,-1.8087855297157545,0.3627008110689104,0.5133113886113279,102.94605210431348,142188,0.47866834136174796,27235853.4759,98.6131,,2593689775.679479,USD,Producer manufacturing
FVRR,Fiverr International Ltd.,34.9,USD,0.43165467625898873,-1.8129496402877772,1.9132890583588273,1.9865877472164755,26.23875848259835,284486,0.3929634396173328,29835442.152,84.55319999999999,,1231482440.4719424,USD,Technology services
AMPL,"Amplitude, Inc.",11.37,USD,-1.2163336229365818,-1.8245004344048572,0.41283121906963927,0.4698801814757019,9.783362988909772,116464,0.3139645010933504,74768422.30478999,79.04429999999999,,1451762258.369244,USD,Technology services
KRT,Karat Packaging Inc.,31.92,USD,1.397712833545112,-1.842439644218557,0.9125309778428309,0.9218613155214541,27.05404022970991,14310,0.4502619448421251,6867565.4565,34.2965,,639169425.1105465,USD,Process industries
REVG,"REV Group, Inc.",29.96,USD,0.3348961821835279,-1.8754186202277252,0.6692402812498697,0.4878839879353585,25.891825798194386,534833,1.1946850072708672,50742112.243,97.5838,"Dragonfly Doji, Long Lower Shadow",1557876602.1473544,USD,Consumer durables
AESI,Atlas Energy Solutions Inc.,23.7,USD,4.405286343612335,-1.8854625550660828,0.6593042312032096,0.6570435927309788,20.915320763046722,532864,0.23813985416132707,65085906.70520999,59.05259999999999,,2612139077.722467,USD,Industrial services
DOC,"Healthpeak Properties, Inc.",21.575,USD,-0.5760368663594471,-1.8894009216589867,-0.1414099356332456,-0.13963059607212713,20.993155962502186,1554950,0.35074001869515686,697276825.0289999,99.6903,"Hammer, Long Lower Shadow",15481713496,USD,Finance
WHG,Westwood Holdings Group Inc,15.71,USD,-0.8832807570977841,-1.8927444794952615,0.15662078086301565,0.08290124683157707,13.637382397536062,4156,0.30202829880162496,7018652.66256,75.7008,,145656416.7362776,USD,Finance
RYI,Ryerson Holding Corporation,24.18,USD,-1.1042944785276056,-1.9222903885480525,0.6241159051002819,0.3562782745680835,24.152709195671832,37147,0.1827793662579262,26652901.6842,83.6902,,770063300.2846626,USD,Non-energy minerals
WAFD,"WaFd, Inc.",36.2704,USD,1.0599052660908377,-1.9225410977988233,0.23794296621564986,0.0937659838781002,32.90770070699695,85755,0.2604899805462856,79979757.91499999,98.31259999999999,,2950688805.425779,USD,Finance
PDFS,"PDF Solutions, Inc.",30.34,USD,-1.653160453808757,-1.944894651539713,0.16776244754347752,0.05409831767986262,31.897167826011916,40422,0.28394690553928975,31054650.2073,80.0937,Marubozu White,1176368631.4081037,USD,Technology services
AGO,Assured Guaranty Ltd.,88.18,USD,-1.6726137377341657,-1.984834968777878,1.688602781938107,0.9317814417218528,81.08247847233888,95519,0.4140657240850751,47922848.696,94.1495,,4488437162.437332,USD,Finance
NC,"NACCO Industries, Inc.",30.8772,USD,0.8729173472721299,-1.9928128062724582,0.5420184824617869,0.3015667560328765,30.26414960579233,4105,0.3863165819687559,2994252.76625,52.2425,,225309875.28674293,USD,Energy minerals
RBB,RBB Bancorp,23.51,USD,1.4236410698878423,-2.070750647109579,0.13208135363474977,0.0004923379326875477,21.02752237085196,18536,0.4635042884649046,15857444.349,89.6235,,415972229.55220014,USD,Finance
UTI,Universal Technical Institute Inc,26.07,USD,1.6374269005848021,-2.1442495126705543,1.9818529588216116,1.9533075323165505,16.92018509671047,189815,0.26135571764081905,50225606.253,92.9639,Doji,1408483781.2479534,USD,Commercial services
TCX,Tucows Inc.,18.37,USD,1.5478164731896138,-2.1558872305140993,-0.21017515609055878,0.07746744147496543,20.190197135201096,13255,0.24236340431445258,8127103.0064,73.8512,Marubozu White,202156020.1398563,USD,Technology services
MRX,Marex Group plc,30.79,USD,-0.5812076202776872,-2.1633839199224996,0.9497292083034272,1.0205695777561772,,149855,0.3766465326049146,30610204.744394,43.5479,,2164256329.8130445,USD,Technology services
ACNT,Ascent Industries Co.,11.82,USD,-1.1705685618729142,-2.1739130434782736,0.5227815867631989,0.6253600499552636,9.95758195104379,75554,1.8962453568918782,8129346.291999999,80.5444,,119298859.74080266,USD,Non-energy minerals
VIRT,"Virtu Financial, Inc.",35.55,USD,-0.8091517857143031,-2.260044642857149,1.0963359871444527,0.7754461329601696,28.327238713838277,306131,0.37645071331477464,80838689.362,94.049,,5496763025.327845,USD,Finance
GIII,"G-III Apparel Group, LTD.",34.8388,USD,10.319189360354658,-2.2799240025332455,0.14992483659606332,0.5267261537715413,28.812867779578955,494977,1.1380228337073655,37960048.6155,86.49990000000001,,1528884860.8622673,USD,Consumer non-durables
PEG,Public Service Enterprise Group Incorporated,86.12,USD,-2.025028441410695,-2.2866894197952274,0.9175337207062138,0.24063874996886625,79.49152671069892,1163982,0.479158702862754,497632112.25,99.881,,42907172436.56747,USD,Utilities
VLGEA,"Village Super Market, Inc.",31.29,USD,2.590163934426227,-2.2950819672131124,0.16722960818911906,-0.016587958544214132,29.263753684545147,34289,1.0218288558103497,8662639.3859,81.4487,,416602341.849836,USD,Retail trade
ACHC,"Acadia Healthcare Company, Inc.",40.36,USD,-1.078431372549014,-2.4754901960784266,-2.377259215768996,-1.6255499932177102,62.5671234374208,976026,0.6652592083462724,90436471.9508,97.3636,,3748852780.406863,USD,Health services
DFIN,"Donnelley Financial Solutions, Inc.",61.995,USD,1.6311475409836025,-2.4918032786885296,-0.6719086171644999,-0.4198657616311152,61.865838379208185,55593,0.3372772233978528,27277722.9606,94.5233,,1789066360.129918,USD,Technology services
AXR,AMREP Corporation,36.1,USD,-1.44690144690145,-2.538902538902538,1.6733036256334803,1.529935329107552,25.90630434077404,27319,1.284832123860093,2604291.1979,49.2542,,190876927.75320774,USD,Finance
AMSF,"AMERISAFE, Inc.",53.075,USD,-0.5341079460269801,-2.548725637181408,0.8947447379400078,0.012288601146678957,50.75964381325594,41533,0.28871894653350266,18723902.1,98.2882,,1011077202.3107196,USD,Finance
TEN,Tsakos Energy Navigation Ltd,18.755,USD,0.08004268943436803,-2.5704375667022417,-1.0756681583938223,-0.9934054250485325,23.693904718574384,83845,0.15022967608120305,21130996.0464,71.6169,,553377592.0512273,USD,Transportation
PRMB,Primo Brands Corporation,31.075,USD,-0.08038585209003901,-2.5723472668810308,0.8304752780327502,1.043039868528382,22.96596771172222,1223528,0.5811080515178138,160085088.4192,50.9012,Bullish Harami,11777865350.73553,USD,Consumer non-durables
BABA,Alibaba Group Holding Limited,89.92,USD,-2.5996533795493844,-2.7188041594453973,-2.8245340807253463,-1.966223622146373,86.54150763382086,8393903,0.5677974801405903,2390637724.78761,99.84330000000018,,213214715910.70422,USD,Retail trade
VIPS,Vipshop Holdings Limited,14.5,USD,-0.8207934336525256,-2.735978112175093,-0.22223936844162867,-0.0927874566612914,14.615949629143648,1217195,0.41731788569680617,435078614.90070003,99.89730000000002,,7504850657,USD,Retail trade
FBIN,"Fortune Brands Innovations, Inc.",78.235,USD,-0.7547887859951781,-2.803501205124945,-1.2340195851589304,-0.7509781776586806,77.48231054515408,524606,0.5474688464986293,123419773.26,99.351,,9718792522.41691,USD,Producer manufacturing
TECK,Teck Resources Ltd,45.97,USD,-1.7525112203462285,-2.8638597991023644,-0.5817887290603361,-0.5362329259628424,46.64980707929036,909440,0.3818913363274134,506678272,98.9606,Doji,23886065297.616615,USD,Non-energy minerals
RKT,"Rocket Companies, Inc.",12.945,USD,-2.815315315315315,-3.153153153153153,-0.6958092353998298,-0.6776716178245525,15.151718533279057,1388781,0.4972917496064545,134666226.525,92.3415,,25821581440.66329,USD,Finance
YUMC,"Yum China Holdings, Inc.",49.31,USD,-3.313725490196074,-3.372549019607841,0.5864687102527096,0.7698737138814096,41.43901554975012,1024711,0.40582175091730693,365258914.02000004,96.18050000000001,Doji,18726173747.178627,USD,Consumer services
QFIN,"Qifu Technology, Inc",38.18,USD,-1.9517205957883876,-3.415511042629683,1.2135388865013617,1.4731702774633106,25.667581197486406,482948,0.26828210250713014,144494062.752,91.82400000000001,,6280176785.43486,USD,Finance
HTBK,Heritage Commerce Corp,10.57,USD,1.9286403085824597,-3.567984570877524,0.13558613752202456,0.08082014549013472,9.56466119234666,91472,0.3077548350803907,58780029.4492,95.8838,,647976588.3847638,USD,Finance
SGC,"Superior Group of Companies, Inc.",16.79,USD,1.083684527393135,-3.6724864539434043,0.3004756736585542,0.23776781148501414,15.734819191586809,22350,0.5306041052376679,11117424.937199999,68.03309999999999,,274369299.9169175,USD,Consumer non-durables
CNC,Centene Corporation,56.82,USD,-2.855188921183111,-3.7100359035732633,-1.435905449327672,-1.4119873575523485,69.15949161976019,3069526,0.662208831217245,499367020.15,98.91099999999999,Hanging Man,28686429568.119675,USD,Health services
ACU,Acme,43.87,USD,-0.11384335154827928,-3.9162112932604707,0.642334919719385,0.6751105397462567,40.5388140812256,1838,0.18841233393472198,3260580.13875,87.1475,Marubozu White,164137533.3611111,USD,Distribution services
HMST,"HomeStreet, Inc.",11.6549,USD,0.8209342560553554,-3.979238754325267,-0.2603126176380437,-0.158015739979394,12.786325672547266,59532,0.3673885004412463,17835895.231999997,94.582,,219783040.97268164,USD,Finance
BIDU,"Baidu, Inc.",89.4449,USD,-3.8640369733448,-4.07351676698195,-1.5018485322018562,-0.438879459953057,96.02218840035049,2530461,0.7827622122917864,292066161.164008,99.99880000000002,,31418991095.147816,USD,Technology services
EBAY,eBay Inc.,62.945,USD,-3.369665336198956,-4.329137242861529,0.23021198157000594,0.3465097290192176,57.04586472910526,3034957,0.7866632994753948,477376669,99.6611,,30150654717.839424,USD,Retail trade
BRZE,"Braze, Inc.",41.7,USD,-0.23923444976075198,-4.401913875598078,1.8496315847822522,2.0687684751429316,39.15802685107906,2091304,1.0801650558053222,65641512.02704,79.6318,"Long Upper Shadow, Shooting Star",4283697308.5837326,USD,Technology services
YMM,Full Truck Alliance Co. Ltd.,11.83,USD,-3.664495114006509,-4.723127035830619,0.4198616422176031,0.664544123483001,8.36638743755175,7934161,0.6085756369917994,869826513.046524,92.6178,Bearish Harami,12841813176,USD,Technology services
PUBM,"PubMatic, Inc.",16.66,USD,0.7864488808227404,-4.90018148820327,0.3058460639394623,0.35247924485585,17.115438599389954,99732,0.3223754916123592,39024924.2161,98.8621,Marubozu Black,795793983.9455534,USD,Technology services
HQY,"HealthEquity, Inc.",95.495,USD,-5.450495049504946,-5.643564356435647,3.1131471589807567,1.9167719757743527,83.36689690856058,1128527,1.6541471099078342,85265213.641,97.6418,Marubozu White,8339050312.761237,USD,Finance
XP,XP Inc.,12.872,USD,-4.154877140729709,-5.658972449739387,-0.931325418228237,-1.1078302487044596,18.754343806136074,3121173,0.3499400056014206,352290418.32,80.657,,6952834366.39881,USD,Finance
CXT,"Crane NXT, Co.",61.69,USD,0.9160804842139624,-5.872730247014565,1.5110541047909942,1.479303071871307,57.759351859057375,87786,0.24457468838917912,48901712.7282,85.52510000000001,,3527323910.8339596,USD,Producer manufacturing
JOUT,Johnson Outdoors Inc.,34.2,USD,-1.098901098901086,-12.29034123770966,-0.0625501794500487,0.09929678797340813,38.11051240512246,76165,2.471693888346222,8334041.31384,91.6168,,348655119.4076656,USD,Consumer durables