Symbol,Description,Price,Price - Currency,Price Change % 1 day,Pre-market Change %,"Moving Average Convergence Divergence (12,26) 1 day, Signal",Volume 1 day,Relative Volume 1 day,Exponential Moving Average (200) 1 day,Float shares outstanding,Float shares %,Candlestick Pattern 5 minutes,Market capitalization,Market capitalization - Currency,Sector
EBTC,Enterprise Bancorp Inc,42.8,USD,17.42112482853222,11.001371742112477,0.9119321607725498,326057,19.601014746283372,30.477810258730486,9508773.022,76.5035,,531969370.1618656,USD,Finance
IPXX,Inflection Point Acquisition Corp. II,13.6415,USD,18.724978241949525,10.879025239338555,0.08221100899319429,76225,9.520984261803648,10.645361218560502,18800000,75.2,Marubozu Black,341037500,USD,Finance
JD,"JD.com, Inc.",41.27,USD,11.000537923614855,9.252286175363093,-0.4884275238065622,33200850,3.245842709863582,32.72413008595345,1379775560.84087,99.64340000000028,,53941189124.83021,USD,Retail trade
BZ,KANZHUN LIMITED - American Depository Shares,15.34,USD,10.201149425287356,8.47701149425287,-0.35553356682843595,4668046,0.9471473068594337,15.733607239298458,343810068.43931997,94.18589999999999,,6229817181.992121,USD,Technology services
BABA,Alibaba Group Holding Limited,92.32,USD,7.436285348539492,7.1802630047713105,-3.0391116953700896,32767316,2.3394434530049417,86.50755293667332,2390637724.78761,99.84330000000018,,205848546095.4057,USD,Retail trade
EDU,"New Oriental Education & Technology Group, Inc. Sponsored",68.23,USD,9.64165193636511,7.11875301301623,-0.7776069136943974,4089619,2.502446231402394,68.59696844702512,157083340.93600002,96.0584,,10433992669.47484,USD,Consumer services
VIPS,Vipshop Holdings Limited,14.62,USD,11.688311688311684,6.493506493506492,-0.254602346386713,4201573,1.493347530462303,14.617114952049615,435078614.90070003,99.89730000000002,,6719459440,USD,Retail trade
YMM,Full Truck Alliance Co. Ltd.,12.28,USD,14.126394052044605,5.947955390334577,0.3586910219012536,22154746,1.8483882745480167,8.331577261044734,869826513.046524,92.6178,,11252273267,USD,Technology services
ATAT,Atour Lifestyle Holdings Limited,29.45,USD,11.17402793506984,5.889014722536815,-0.0004045920412150267,3829712,2.481242694604148,21.717998728436783,108524271.758414,96.0095000000003,,3644897779,USD,Consumer services
BIDU,"Baidu, Inc.",93.04,USD,7.647807474256623,5.449496702533835,-1.7675908002640561,8314696,2.813645369384233,96.08829180135903,292066161.164008,99.99880000000002,Long Lower Shadow,30624371368.94266,USD,Technology services
CAF,Morgan Stanley China A Share Fund Inc.,13.52,USD,7.0467141726049,5.067300079176554,-0.1372053337937645,112780,1.6604511397750041,12.454046536504675,17367953.1459,99.9957,Marubozu White,219367000,USD,Miscellaneous
QFIN,"Qifu Technology, Inc",38.94,USD,5.729025251153949,4.751561227260385,1.1486310387608745,2829422,1.6381716145985468,25.541828244697324,144494062.752,91.82400000000001,,5878772604.16223,USD,Finance
YUMC,"Yum China Holdings, Inc.",51,USD,5.089635277148153,4.61570162785906,0.5406174593455346,3949739,1.69605727367014,41.35991017839082,365258914.02000004,96.18050000000001,,19367974793.75644,USD,Consumer services
TASK,"TaskUs, Inc.",16.63,USD,9.26412614980288,4.402102496714848,0.47171639923926445,284077,1.9584520840141248,13.50853881798907,17220388.409,89.34100000000001,Hammer,1485184750.9901445,USD,Commercial services
FET,"Forum Energy Technologies, Inc.",15.6,USD,9.396914446002805,4.137447405329593,-0.018000419362473995,178249,2.264773521377295,17.169324547514687,11008430.8334,89.6182,,191625246.31136045,USD,Industrial services
NOAH,Noah Holdings Limited,13.14,USD,4.368546465448775,4.130262112787923,0.07850882867883825,216099,1.826173814354756,11.352080302113649,62998748.04734,95.011,,841247828.8998201,USD,Finance
NWL,Newell Brands Inc.,11.51,USD,11.639185257032,4.073714839961202,0.3911836800784739,13010768,2.319436137534266,8.132364711958102,414411712,99.6182,,4788160195.368574,USD,Producer manufacturing
TME,Tencent Music Entertainment Group,13.16,USD,4.860557768924298,3.9840637450199203,0.09613201874778549,10389990,1.5732012614209374,11.571070222402012,693709715.853946,99.14259999999999,Spinning Top White,20399080604.186367,USD,Technology services
ELMD,"Electromed, Inc.",29.89,USD,4.110066179031695,3.622431208638102,1.6464763125675326,116915,1.0467269136350694,19.197456301571467,6647378.4252700005,78.59270000000001,"Hanging Man, Long Lower Shadow",252809759.50748873,USD,Health technology
DAN,Dana Incorporated,12.96,USD,4.096385542168687,3.61445783132531,0.39618020973474527,3682608,1.0645206328834005,11.341545628877016,129343014.85000001,89.21500000000002,,1878929444.1253011,USD,Producer manufacturing
VITL,"Vital Farms, Inc.",36.97,USD,4.317155756207678,3.583521444695269,-0.2855528281790362,975010,0.7922282796594022,31.429673100271934,31895731.5856,72.8386,,1618903296.8665347,USD,Process industries
OMI,"Owens & Minor, Inc.",14.15,USD,3.8151137197358733,2.6412325752017565,0.06665283684513623,490220,0.9269757468260602,16.113233447262814,69909409.779,90.6631,"Hammer, Long Lower Shadow",1091091944.0829053,USD,Health technology
WILC,"G. Willi-Food International, Ltd.",16.1,USD,4.376012965964348,2.560777957860613,0.8072101455512322,13038,1.5520135226826335,11.108527361627196,3365659.57,24.270999999999997,Marubozu White,223258973.465154,USD,Distribution services
COHU,"Cohu, Inc.",27.46,USD,3.4664657121326368,2.486812358703844,0.17247464909169863,295004,1.1722524067605065,28.53899813130068,45395730.6327,97.3871,,1280013212.86737,USD,Electronic technology
APA,APA Corporation,22.25,USD,3.874883286647984,2.334267040149393,-0.4965186615766767,9011775,1.374000819023733,27.864278356516927,362147037.452,97.8916,,8231330763.538748,USD,Energy minerals
GPRK,Geopark Ltd,11.24,USD,3.5944700460829546,2.3041474654377883,0.5204095602317962,739617,0.6750657297743693,9.152933242715429,37491828.8375,73.2799,,575066888.4792628,USD,Energy minerals
CHN,"China Fund, Inc. (The)",12.81,USD,7.017543859649121,2.2556390977443574,-0.13342973794166238,92323,3.1482801305375294,11.139920329106783,9989740.925999999,99.99,,119589000,USD,Miscellaneous
NARI,"Inari Medical, Inc.",53.39,USD,4.522317932654664,2.036021926389975,1.208591163037654,1825946,2.187846167100075,49.00868975513828,50220502.7324,85.7822,,3125672554.1873536,USD,Health technology
PATH,"UiPath, Inc.",15.5,USD,4.659014179608369,2.0256583389601546,0.46701076527036506,21017541,1.6245066123918013,14.75776926966716,411886865.16,88.1032,,8524342099.831196,USD,Technology services
PZZA,"Papa John's International, Inc.",50.3,USD,3.1794871794871735,2.0102564102564036,-0.7547522495070003,829491,0.8527103891680858,53.957979165817854,32150833.544,98.49650000000001,,1641873709.8994868,USD,Consumer services
NREF,"NexPoint Real Estate Finance, Inc.",17.65,USD,3.276770040959618,1.989467524868343,0.5111235453194223,62089,1.5346114965483661,15.304136286246782,16486438.859100001,94.41810000000001,Marubozu White,298410684,USD,Finance
LSCC,Lattice Semiconductor Corporation,60.48,USD,4.872550719611574,1.924744234437315,1.329256488380111,2182295,1.1659073443729442,58.390750090703804,136364741.618,98.83579999999999,,8344497391.55332,USD,Electronic technology
VTLE,"Vital Energy, Inc.",30.9,USD,5.352881009205593,1.9093078758949957,0.7252183490005233,1014206,1.442021673420564,37.729839085057414,25396325.273399998,66.5646,,1178926042.7991817,USD,Energy minerals
SD,"SandRidge Energy, Inc.",11.25,USD,2.1798365122615824,1.9073569482288906,-0.058842288212189967,330991,1.0101712668349925,12.76526582880676,31638391.2702,85.0179,,418655241.8256131,USD,Energy minerals
TX,Ternium S.A.,32.48,USD,3.078387813392559,1.8724214535068224,-0.6079534293035478,147566,0.7618354345424321,36.3909748722225,,,Long Upper Shadow,6185654966,USD,Non-energy minerals
USNA,"USANA Health Sciences, Inc.",38.16,USD,2.2782095952827506,1.8493701420530626,0.1757336255859193,94876,1.1768324902815437,42.61273233295791,11220996.427199999,58.87319999999999,,727313302.990083,USD,Health technology
AES,The AES Corporation,13.6,USD,4.214559386973172,1.8390804597701027,-0.797505035629923,18021632,1.0916094616476457,17.029285007754694,709658984.052,99.80760000000001,,9669967865.931034,USD,Utilities
ODD,ODDITY Tech Ltd.,49.55,USD,3.4015025041736133,1.8363939899832962,1.3652626711274558,1120499,2.5031733698753036,40.051812870846064,,,,2817743660.426753,USD,Technology services
FIZZ,National Beverage Corp.,48.27,USD,4.209844559585498,1.8134715025906654,0.5759134783923405,250325,1.4452769337092333,47.44740672851479,21714842.616,23.196,,4518778976.2590685,USD,Consumer non-durables
EYE,"National Vision Holdings, Inc.",11.48,USD,2.226179875333927,1.7809439002671352,0.22906710119759904,1384565,0.755785362230181,13.666514420820784,76952020.8158,97.71709999999999,,904047248.0712377,USD,Retail trade
FOXF,Fox Factory Holding Corp.,32.01,USD,4.369090316269959,1.695467883925659,-1.3334921476070465,2168293,2.2353197327834313,45.801858436527354,41379986.5314,99.27210000000001,Hammer,1334285489.9706552,USD,Producer manufacturing
CC,Chemours Company (The),21.72,USD,3.428571428571423,1.6666666666666736,0.5374139704947256,2702218,2.0060239707206486,22.510804695980827,148330609.05900002,99.27690000000001,,3245196216.177143,USD,Process industries
MOS,Mosaic Company (The),26.01,USD,1.6810007818608415,1.6419077404222115,-0.10520234887758398,5160697,1.0896159896863618,28.805877943555554,315110828.19,99.20219999999999,,8261954077.091869,USD,Process industries
CRC,California Resources Corporation,56.36,USD,5.14925373134328,1.641791044776111,0.8169687233703973,812521,1.48803313475701,52.412630093404616,75241988.065,82.0475,,5168513965.523881,USD,Energy minerals
LYFT,"Lyft, Inc.",16.3,USD,2.258469259723973,1.5664993726474212,0.6289038530648741,14769226,1.1354329878496845,14.15111694255505,353857229.416,87.0956,,6761514532.289837,USD,Technology services
SKYH,Sky Harbour Group Corporation,13.42,USD,5.172413793103449,1.4890282131661403,0.10646887838286054,142586,1.9308090423817634,10.691116736238007,14055448.703399999,47.821799999999996,,958693875.1034483,USD,Finance
VAL,Valaris Limited,44.72,USD,6.5269175797999095,1.4768937589328361,-1.500511559364906,2348180,1.8082815565030423,60.255399488325715,63830115.2496,89.75189999999999,,3180414497.526441,USD,Industrial services
ASGN,ASGN Incorporated,90.13,USD,1.5778203538825555,1.4313084638791795,-1.0559518906992236,282008,0.7096447548674713,92.64855311364761,42688183.199999996,96.57959999999999,,3983746219.4080915,USD,Technology services
SDRL,Seadrill Limited,39.03,USD,1.7200938232994627,1.4073494917904592,0.2152402480262126,796203,1.0054086285000072,43.35388556811404,65186007.640152,94.7002,,2677291706.9734173,USD,Industrial services
SBLK,Star Bulk Carriers Corp.,16.3,USD,2.002503128911141,1.3767209011264008,-0.7697023466509304,2954109,1.1473056148983594,21.302750038812192,112657388.375,94.8095,,1936852369.5994995,USD,Transportation
TKR,Timken Company (The),78.48,USD,2.8032486245742736,1.3623264343725334,-1.1286923577110453,557862,1.1575615142990061,81.32732603917025,63160592.1192,90.0786,Spinning Top Black,5502800204.026199,USD,Producer manufacturing
ERII,"Energy Recovery, Inc.",16.59,USD,2.029520295202941,1.3530135301352944,-0.543312095595543,281941,0.6393812940928082,16.737203600543435,56024853.3324,96.7716,,960459781.6143911,USD,Producer manufacturing
PII,Polaris Inc.,66.25,USD,4.117554612604113,1.3515637278013395,-1.9863545204410822,1183434,1.4480306052554879,80.94637247232288,52213102.9551,93.62169999999999,,3694783063.2170362,USD,Consumer durables
ZEUS,"Olympic Steel, Inc.",42.86,USD,5.358898721730579,1.327433628318582,0.8556363152213298,104073,0.8489753366191737,45.77733763594575,9790287.8725,87.94330000000001,"Hanging Man, Long Lower Shadow",477140738.99410033,USD,Producer manufacturing
FARO,"FARO Technologies, Inc.",27.31,USD,2.2463496817671205,1.3103706476974837,1.6444618398215245,231043,1.5174929114743805,19.847209370264014,18136450.607899997,95.87229999999998,,516632050.9165106,USD,Electronic technology
CRK,"Comstock Resources, Inc.",14.74,USD,1.5151515151515196,1.3085399449035902,0.7560314746905092,1410251,0.8928119336440989,11.39371254010463,77483359.537,26.511699999999998,,4307922126.166667,USD,Energy minerals
ACAD,ACADIA Pharmaceuticals Inc.,18.76,USD,8.564814814814817,1.2731481481481415,0.2975739188257928,3452156,2.6142339058085318,17.48935165838135,164294961.62399998,98.73969999999998,,3121512008.1736116,USD,Health technology
GOLF,Acushnet Holdings Corp.,75.4,USD,1.603557472038825,1.2666756501819323,2.3304588788141887,335217,1.5581240988484784,64.97098213455813,28162322.404600002,46.317400000000006,Marubozu Black,4584542222.220725,USD,Consumer durables
MYE,"Myers Industries, Inc.",12.13,USD,2.362869198312246,1.260759493670886,-0.18778916608842314,426729,0.3478129820870148,14.78545865945334,36615913.3962,98.2719,,451961526.52067506,USD,Producer manufacturing
NEM,Newmont Corporation,41.73,USD,1.5081488688883422,1.240574069569443,-1.9102456277504463,10749041,1.1145768615140887,45.50110445294501,1137099798.3,99.8814,,47507537543.94381,USD,Non-energy minerals
VFC,V.F. Corporation,21.34,USD,1.3776722090261242,1.235154394299278,0.21598593849858996,4799879,1.0544285114815442,17.8577432158998,367139496.57,94.303,,8308060000.630878,USD,Consumer non-durables
MTDR,Matador Resources Company,56.41,USD,2.0072332730560567,1.2296564195298367,1.2408463427644172,1204286,1.0889912313620098,56.98252501229077,115219505.709,92.3433,,7038429056.65443,USD,Energy minerals
IPGP,IPG Photonics Corporation,81.31,USD,6.051910786487545,1.2129907395330541,-0.012047145016080875,306515,1.2930705357606154,81.42157490886144,24986373.5345,57.774499999999996,,3516501088.2788577,USD,Electronic technology
HOG,"Harley-Davidson, Inc.",33.55,USD,1.574326369966685,1.2110202845897624,-0.12270327221942254,1149784,0.9807810138352783,35.13471573622454,126399295.478,99.2714,Long Lower Shadow,4271811082.612776,USD,Consumer durables
SKX,"Skechers U.S.A., Inc.",72,USD,1.3370865587614398,1.210415200562983,1.0187416379278758,2400697,1.1750115497020424,63.50411779146191,130496830.31,99.16700000000002,,10870008804.278677,USD,Consumer non-durables
NOV,NOV Inc.,15.15,USD,1.2700534759358255,1.2032085561497308,-0.022855145650364055,4201180,1.205908474463693,17.3384807041713,386421887.272,99.3158,,5894625152.005347,USD,Industrial services
ARLO,"Arlo Technologies, Inc.",13.14,USD,3.3018867924528292,1.1792452830188567,0.23888402369941433,707826,0.7957520676933268,11.761454409234505,94714579.10700001,94.3927,,1318485725.3490565,USD,Electronic technology
KFY,Korn Ferry,72.52,USD,1.3415315818893148,1.1738401341531628,0.8709905573572897,537607,1.3789699054509899,68.57436565412463,51257174.4484,98.5514,,3771811701.575182,USD,Commercial services
CAMT,Camtek Ltd.,78.3,USD,7.67326732673267,1.1688668866886611,-1.4791993982662186,1336087,3.4419370661148934,83.18575809431184,27876667.9422,61.448100000000004,,3552169896.0148516,USD,Electronic technology
CVLG,"Covenant Logistics Group, Inc.",57.72,USD,1.512486809708054,1.1255715793176233,1.027238522704026,49387,1.5086587425960036,51.11567466668182,7901370.779399999,72.9602,,760730392.8223708,USD,Transportation
STC,Stewart Information Services Corporation,77.18,USD,2.6875997871208224,1.117615753060143,1.1943086768229896,470030,4.041169147384929,67.06667871705997,27238261.273700003,98.25610000000002,Spinning Top Black,2139558901.1450243,USD,Finance
SLG,SL Green Realty Corp,76.44,USD,1.7030335284725935,1.104310803618944,0.36505912734886825,1338519,0.8616684767778009,63.14452922493409,71681237.14,99.91600000000001,,5728390132,USD,Finance
QSR,Restaurant Brands International Inc.,70.05,USD,1.5364545586316891,1.1016089288302726,-0.029757559063867033,2803353,1.6810033660806882,70.82606959282602,318348678.029,98.34469999999999,,31575462987.932407,USD,Consumer services
DVN,Devon Energy Corporation,35.51,USD,1.4861388968276537,1.086024578450973,-0.7071816735986064,11704118,1.292559614183238,43.33757489670272,628517321.7,95.67930000000001,,23326520986.083736,USD,Energy minerals
IART,Integra LifeSciences Holdings Corporation,24.38,USD,1.1618257261410687,1.0788381742738506,0.8364463672506942,439134,0.7414869419079576,26.554259911518226,66183982.7485,85.7711,,1881246667.1692946,USD,Health technology
WS,"Worthington Steel, Inc.",44.45,USD,1.5535755083390441,1.073794836646102,1.593833870036489,213509,1.0708791823341977,35.286996372927014,32548841.94529,64.1026,,2257000558.5720816,USD,Non-energy minerals
GRBK,"Green Brick Partners, Inc.",68.63,USD,1.2391208142793761,1.0473521168313817,-1.2286597415675444,215944,0.761014131045376,66.60351048452691,40976170.5584,92.0848,,3053914612.511874,USD,Consumer durables
QDEL,QuidelOrtho Corporation,40.53,USD,6.099476439790571,1.0471204188481638,-0.19225122702006975,878808,0.7445064136000462,45.217958760674726,66272868.992400005,98.53720000000001,,2725914976.187434,USD,Health technology
FMC,FMC Corporation,58.18,USD,2.8278543655001793,0.9897490279250659,-0.7433040997921891,1331446,1.2296277784688845,62.425052501184176,123995229.53999999,99.3265,,7262934216.739485,USD,Process industries
BBWI,"Bath & Body Works, Inc.",39.19,USD,7.076502732240426,0.9836065573770475,1.4417467330021378,6570228,0.8207246032243415,35.74592913098729,213992329.026,98.8043,,8487851842.621038,USD,Retail trade
SANM,Sanmina Corporation,79.79,USD,1.6044823634279959,0.9805169998726551,1.851917310877814,234796,0.7191420623802048,68.03319690779338,52055773.004,96.529,,4302881075.386094,USD,Health technology
DEI,"Douglas Emmett, Inc.",19.89,USD,1.8954918032786938,0.9733606557377116,0.3149108782752391,1069779,1.1460709980173163,16.138474543343303,160810936.53,96.0438,,3268336590,USD,Finance
OXY,Occidental Petroleum Corporation,48.72,USD,2.4821203197307526,0.9465713083719034,-0.49652795469356925,12216216,1.2242183139500857,56.21638689089392,935519525.9130001,99.6991,,45716075670.078255,USD,Energy minerals
NE,Noble Corporation plc A,32.42,USD,2.2712933753943294,0.9463722397476363,-0.1525804154241849,2341916,1.4493310063990692,39.262362485743786,126593509.56,78.932,,5199613874.700946,USD,Industrial services
CNC,Centene Corporation,58.49,USD,3.047921071176892,0.9337561663143078,-1.4418849722715028,5384199,1.1935194290311215,69.28350661091356,499367020.15,98.91099999999999,,29529552405.26815,USD,Health services
OLN,Olin Corporation,42.19,USD,2.2292221952992355,0.9207656893627221,-0.44153817041528576,1737397,1.7307478130518175,46.75573216520508,116120234.867,99.5911,,4919206245.038283,USD,Process industries
PLAB,"Photronics, Inc.",25.83,USD,2.29702970297029,0.9108910891089126,0.22370864390742679,406635,0.9898716077115705,24.814822570538134,60956492.208,96.216,,1636427712.8673265,USD,Electronic technology
CVI,CVR Energy Inc.,19.46,USD,3.6208732694355676,0.9052183173588826,-0.49406760060150656,1695972,1.4454319547838237,25.101921844118436,33838332.475999996,33.6596,Spinning Top White,1956325576.512247,USD,Energy minerals
ASC,Ardmore Shipping Corporation,11.65,USD,2.8243601059135064,0.8826125330979668,-0.9162000051713887,1132145,1.040202251161418,16.417944096415855,39537603.1061,94.4933,Marubozu Black,487455419.40864956,USD,Transportation
INMD,InMode Ltd.,18.84,USD,3.916161059018207,0.8825151682294547,0.3472911815172966,916183,1.0108535825008973,19.15214151056948,74838316.7074,88.44139999999999,,1594224104.8295643,USD,Health technology
W,Wayfair Inc.,54.88,USD,2.5219503082383734,0.8780123295348382,0.6663997125399539,4327869,1.0851406896899638,50.61991829279243,89891321.7348,90.2276,,6877509715.691387,USD,Retail trade
KMX,CarMax Inc,87.2,USD,1.1248985271947105,0.869766902470138,2.332375009639341,2806008,1.3074169186908275,76.54380162040255,154219560.572,99.5453,,13509403577.362865,USD,Retail trade
LYB,LyondellBasell Industries NV,77.31,USD,1.2043461186019133,0.8639874329100622,-2.1730529638218643,3301229,0.930593505798695,92.4626601646822,258794631.45900002,79.6887,,25106948426.601395,USD,Process industries
HAL,Halliburton Company,29.08,USD,1.0423905489923457,0.8339124391938793,0.44113648612663114,8137871,0.9307677499668857,32.40614525766102,874746403.9499999,99.57249999999999,,25546839181.538567,USD,Industrial services
PAX,Patria Investments Limited,12.55,USD,4.496253122398009,0.8326394671107381,0.12857787808154986,737012,1.1182156178951033,12.470925941831702,58935103.127,98.6081,"Dragonfly Doji, Long Lower Shadow",1916540963.7926729,USD,Finance
SONO,"Sonos, Inc.",14.88,USD,1.2244897959183776,0.8163265306122517,0.30026658634932724,1501508,0.9154325311833739,14.065901779175263,119273560.90799999,97.95469999999999,,1811844889.5020409,USD,Consumer durables
RICK,"RCI Hospitality Holdings, Inc.",52.81,USD,2.9434697855750587,0.7797270955165804,1.5595188137493907,74581,0.8202447503610106,49.24707553194589,8250825.970499999,91.71099999999998,,475107575.93606234,USD,Consumer services
PRLB,"Proto Labs, Inc.",43.49,USD,1.8978444236176248,0.7263355201499584,2.4216670697248706,243692,1.028507951889402,32.96224339069747,24192473.614099998,98.7041,,1065943235.1164482,USD,Process industries
RGR,"Sturm, Ruger & Company, Inc.",36.76,USD,2.026089369969461,0.72162087149597,-0.7954576732114741,257026,1.5624433899524992,42.477484117699504,16351905.2788,97.3861,,617230701.7485428,USD,Consumer durables
GLDD,Great Lakes Dredge & Dock Corporation,12.69,USD,1.6012810248198501,0.7205764611689339,0.2296364647961858,433886,1.0645186853714612,10.048051002769414,65598841.0567,97.5127,,853682576.1232986,USD,Industrial services
HUN,Huntsman Corporation,20.26,USD,1.9114688128772765,0.7042253521126789,-0.5515745766679239,3879837,1.680926912436882,22.741601965573924,162797235.456,94.1068,,3504822189.0714293,USD,Process industries
NOG,"Northern Oil and Gas, Inc.",40.86,USD,1.565995525727076,0.6959980114342559,1.0526140869572977,828487,0.727359387635434,38.624185809519375,92470179.0892,92.63210000000001,,4078856187.105146,USD,Energy minerals
MCHP,Microchip Technology Incorporated,61.87,USD,4.351492663180972,0.6915162759318666,-2.515143211051019,8594745,0.9501823884709817,79.4068740649135,525573835.03999996,97.87039999999999,,33224824922.483055,USD,Electronic technology
CMC,Commercial Metals Company,62.26,USD,1.450219977187552,0.6843734723806448,1.5919231522654718,744967,1.1815302620750208,54.95995637537228,112720135.56,98.8565,,7099145171.261203,USD,Non-energy minerals
ATEX,Anterix Inc.,34.05,USD,0.8291382884216584,0.6810778797749388,-0.025391790957512247,140409,1.0327372918568294,34.78088697346504,17998701.5943,96.6721,,633952131.9159015,USD,Communications
CRMT,"America's Car-Mart, Inc.",57.46,USD,7.121551081282626,0.6711409395973144,1.4813915974093086,200965,1.2340573169009328,55.28328400425122,7528731.8022,92.9845,"Hammer, Long Lower Shadow",465239648.1360925,USD,Retail trade
ADM,Archer-Daniels-Midland Company,51.98,USD,1.0890704006223166,0.6612213146635478,-0.7203741770007528,2217243,0.6926900034605711,59.814854955723455,475343135.288,99.3332,Hammer,24874172462.197586,USD,Process industries
ST,Sensata Technologies Holding plc,30.89,USD,0.8817766165904622,0.653167864141082,-0.6874422428667031,2303720,1.3245452718651995,35.902805904179175,148009765.77,98.9595,,4620101230.471913,USD,Electronic technology
HCSG,"Healthcare Services Group, Inc.",12.57,USD,1.2077294685990367,0.6441223832528187,0.31806855755627084,356909,0.8657143321469781,11.223145783595374,72508717.5075,98.93249999999999,,921268551.1280193,USD,Commercial services
HST,"Host Hotels & Resorts, Inc.",18.94,USD,0.7446808510638327,0.6382978723404308,0.20380842087223788,6789110,0.9056952164725909,17.9538650579201,689996147.262,98.70779999999999,,13141749100,USD,Finance
LNTH,"Lantheus Holdings, Inc.",92.58,USD,3.9991013255448236,0.6290721186250307,-3.531455972842356,621658,0.6027576303635067,90.66099054019726,67792036.8132,97.50489999999999,Doji,6436794623.809931,USD,Health technology
PENG,"Penguin Solutions, Inc.",20.82,USD,4.7810770005032674,0.6220432813286347,0.3760646631526168,992423,1.1819485716606408,19.807100172408568,51362457.6069,96.3831,,1109495086.1701057,USD,Electronic technology
CGNX,Cognex Corporation,38.36,USD,1.5889830508474614,0.6091101694915361,-0.25353611131004083,956714,1.021636441784287,41.565617798349194,171081581.595,99.7473,,6579325619.851696,USD,Electronic technology
MTCH,"Match Group, Inc.",33.39,USD,1.3969025204980288,0.6073489219556721,-0.7612071993646972,5362120,1.5982430569264328,34.916607168371954,249510131.064,99.3704,,8383928681.640146,USD,Technology services
CWEN,"Clearway Energy, Inc.",28.6,USD,1.2747875354107756,0.6019830028328672,0.2510966092171682,933620,1.2090752779576803,27.071764193698968,81498523.7885,98.39049999999999,,5722483056.253541,USD,Utilities
HP,"Helmerich & Payne, Inc.",34.06,USD,2.4669073405535507,0.60168471720817,0.10803734067882348,919871,0.6688033081905578,35.67529974453205,95164357.3898,96.3637,,3363609668.9344163,USD,Industrial services
BG,Bunge Limited,85.5,USD,1.7857142857142856,0.5952380952380952,-0.7490297631245281,1541772,0.9657192866500821,96.97006335287067,138276248.40199998,99.03259999999999,,11938117538.57143,USD,Process industries
TNK,Teekay Tankers Ltd.,39.2,USD,1.109104978075831,0.5932421975754368,-2.6250252639425535,302206,0.8430242937928756,53.75001341274266,23649151.5588,79.6493,,1344230393.4175909,USD,Transportation
IRDM,Iridium Communications Inc,31.55,USD,1.7741935483870992,0.5806451612903216,0.14272115769115645,956351,0.9423460415989645,30.61884096875703,100204000.288,88.0156,,3591897406.0774198,USD,Communications
HALO,"Halozyme Therapeutics, Inc.",49.06,USD,1.3636363636363713,0.5783057851239771,-1.6724903469423216,867191,0.5400252740927596,50.29430680611319,125877884.892,98.9396,,6241756687.913636,USD,Health technology
TEN,Tsakos Energy Navigation Ltd,18.74,USD,2.741228070175439,0.5482456140350955,-1.0962338417301447,345487,0.6329181868877134,23.74354195192689,21130996.0464,71.6169,,552935007.6995614,USD,Transportation
TPX,"Tempur Sealy International, Inc.",55.47,USD,0.8362115978912941,0.5271768769314655,1.1323876209178303,1808509,1.2354167244466747,50.82235345414899,167610049.253,96.5201,Bearish Engulfing,9632524838.356482,USD,Consumer durables
TMHC,Taylor Morrison Home Corporation,69.42,USD,0.7693424299608087,0.5225722165771511,0.5999803307556737,542330,0.7538589870992018,62.90568015970469,100895396.07599999,97.50419999999998,,7183435061.222239,USD,Consumer durables
YELP,Yelp Inc.,39.5,USD,1.8041237113402135,0.5154639175257806,0.8226486234227502,601887,0.9527710422264456,36.6919016659312,64009095.42169999,97.25209999999998,,2599798624.690722,USD,Technology services
CSTM,Constellium SE,11.86,USD,1.108269394714399,0.5115089514066388,-0.2310790947709776,1250082,1.360559721497545,16.00110571304829,132068407.32000001,89.9526,Bullish Engulfing,1741283771.340153,USD,Commercial services
LEG,"Leggett & Platt, Incorporated",11.99,USD,1.8691588785046782,0.5097706032285514,-0.06211522427117095,2379040,1.5635984110584444,14.782182252254762,131418401.10000001,97.85800000000002,"Hammer, Long Lower Shadow",1610194895.4672894,USD,Consumer durables
ZIMV,ZimVie Inc.,14.04,USD,0.7896625987078209,0.5025125628140724,-0.06264833682030571,98622,0.903343641000088,15.624902609986849,27070159.428253,98.08429999999998,,387488160.9045226,USD,Health technology
ODC,Oil-Dri Corporation Of America,68.75,USD,1.0138113429327031,0.4848662944460745,0.04113260256609774,17045,1.0427117233954046,67.43767551531595,4872919.31984,94.9058,,464133525.84116954,USD,Process industries
LPG,Dorian LPG Ltd.,23.15,USD,2.0273248126928043,0.48479506390480137,-1.7178801658926832,691672,1.0482934722182649,34.313239436884366,39633799.467,92.5926,,990923769.9515202,USD,Transportation
UHAL,U-Haul Holding Company,74.85,USD,2.7453671928620453,0.4804392587508696,-0.3207910137649016,145782,1.4324738084335764,68.62912173099329,7666139.9972,39.0974,Marubozu Black,13392719499.444748,USD,Finance
YOU,"Clear Secure, Inc.",27.47,USD,1.4776505356483138,0.4802364240857,-1.6320817868846969,2376232,1.1893575703677068,26.023383739015745,83120066.1214,88.4114,,3829444334.601034,USD,Technology services
RWAY,Runway Growth Finance Corp.,10.68,USD,1.136363636363629,0.47348484848483835,0.008793539365495706,270173,0.9342184975767367,11.171756860438983,36987891.539384,98.89909999999999,Doji,399427957.5795454,USD,Finance
TDC,Teradata Corporation,32.42,USD,0.9654313298038066,0.4671441918405437,0.18379042530773398,674068,0.8652262402549927,33.22953457304792,94199519.7,98.4321,Bullish Engulfing,3102593959.613827,USD,Technology services
CSGP,"CoStar Group, Inc.",78.65,USD,1.7201241593378331,0.4526642524573313,1.0104921808775518,2335936,1.0363514672893939,78.49212422369116,405013254.624,98.7936,,32243317197.65909,USD,Technology services
REXR,"Rexford Industrial Realty, Inc.",41.72,USD,4.221833624781408,0.4496627529352978,-0.8625241539925158,4115224,2.1524889787055894,47.25139234606893,221917193.08,99.78650000000002,,8902340426,USD,Finance
INSW,"International Seaways, Inc.",37.48,USD,1.1332973556394887,0.4317323259578969,-1.9199654795282308,556382,0.73806475918598,49.183069062885004,39557012.7216,80.41220000000001,,1843747732.8041015,USD,Transportation
AMBA,"Ambarella, Inc.",74.71,USD,4.198047419804729,0.4184100418410002,3.042416153343944,1057761,0.7356805640397793,57.192184406411336,38804633.92,94.016,,3083617613.665271,USD,Electronic technology
SHO,"Sunstone Hotel Investors, Inc.",12.13,USD,0.49710024855012835,0.4142502071250947,0.2540940438128032,2169570,0.43443490482828534,10.404355317758649,198475924.02899998,98.79289999999999,Marubozu Black,2424877967,USD,Finance
MNST,Monster Beverage Corporation,53.21,USD,1.7983546967667834,0.40176009183086614,0.27546365972521664,5994504,1.3577831227342159,52.586801601303605,692902994.64,71.2482,,51747774454.50832,USD,Consumer non-durables
KLIC,"Kulicke and Soffa Industries, Inc.",50.14,USD,3.960190752643591,0.39394567696455496,0.9132515816981253,532303,1.0408323483317543,46.467449485642454,51910223.0661,96.3597,Long Upper Shadow,2701104839.3804693,USD,Producer manufacturing
ES,Eversource Energy (D/B/A),60.25,USD,0.7862161257945782,0.3847440615590446,-0.4820543111088225,2299356,1.1564995547990042,63.056614290411424,365422241.052,99.73259999999999,,22075726050.29692,USD,Utilities
VNO,Vornado Realty Trust,45.42,USD,2.6904815735925953,0.3843545105132302,0.4632248978309531,1525523,1.3223561943067161,33.93905710337838,175647592.78599998,92.1314,,8432407974,USD,Finance
DIOD,Diodes Incorporated,63.13,USD,3.86640342217835,0.37841395195787575,0.1588412260375064,298772,0.7125362323333837,67.38242188006265,44800717.329900004,96.69310000000002,Long Lower Shadow,2924994777.34304,USD,Electronic technology
SOHU,Sohu.com Limited,14.22,USD,3.0434782608695645,0.3623188405797024,-0.2895730100706517,107819,1.7362129851642751,13.3791353885876,32898081.147012,99.54429999999999,,456071846,USD,Technology services
YETI,"YETI Holdings, Inc.",43.47,USD,2.4269557021677692,0.3534401508011444,0.7066101279471834,1502935,1.07399425877721,39.909722756300205,84167763.073,99.2246,,3687362396.5143733,USD,Producer manufacturing
ETSY,"Etsy, Inc.",58.75,USD,2.53054101221641,0.34904013961606084,1.1236364406941446,3374204,0.9397596193440524,59.70086591909543,111426700.76,99.053,,6608933856.195463,USD,Retail trade
IVZ,Invesco Ltd,18.36,USD,2.97251822770612,0.33651149747617654,0.07294075963584416,5332398,1.878452945253912,16.731448997219992,441866936,98.315,,8251717288.926529,USD,Finance
CAG,"ConAgra Brands, Inc.",27.74,USD,1.8355359765051396,0.3307635829662378,-0.4608710316028267,6712220,1.3200836314011486,29.63700662182807,474643225.77000004,99.44900000000001,Long Upper Shadow,13239553193.12041,USD,Consumer non-durables
UPBD,"Upbound Group, Inc.",34.28,USD,1.1806375442739037,0.32467532467532295,0.971482880512603,354076,0.9925215259462039,31.65636363365984,48231809.896800004,88.17580000000001,,1875102354.7792208,USD,Finance
KGS,"Kodiak Gas Services, Inc.",41.52,USD,0.8501335924216696,0.31576390575660784,2.1161148122103426,704332,0.9494830048511348,29.07503698743657,38060038.911520004,43.4594,,3636158693.753704,USD,Industrial services
HPQ,HP Inc.,36.45,USD,0.6906077348066298,0.3038674033149155,0.03387793198426967,6308444,0.5674997641956145,34.32185321414456,961390621.0300001,99.75850000000001,,35127515806.694756,USD,Electronic technology
SCS,Steelcase Inc.,13.46,USD,0.67314884068812,0.2991772625280548,0.14265933159946215,335659,0.6716323239275981,12.820643000754366,84659615.172,90.1032,,1534036395.3059092,USD,Producer manufacturing
UNTC,Unit Corp.,32.24,USD,2.642470550780012,0.2865329512893978,-0.35577314749007305,72663,4.087449584015391,35.17810529488018,9779141.17385,99.63109999999999,,316446838.3241006,USD,Utilities
GDOT,Green Dot Corporation,11.12,USD,5.703422053231936,0.2851711026616078,-0.28196677341196574,968099,2.20547101355178,10.802900168938638,51599613.5648,95.93360000000001,,598109712.8060837,USD,Commercial services
SIRI,SiriusXM Holdings Inc.,28.74,USD,1.5188979159307656,0.28258565877782355,0.22070925360128002,4341420,1.0648059227600597,31.515075754964037,335334079.594,98.85969999999999,,9748666930.70505,USD,Consumer services
TITN,Titan Machinery Inc.,15.42,USD,2.9372496662216254,0.2670226969292333,0.23943041083632527,234135,0.8808899533736126,17.758338620001076,20637351.5543,89.23989999999999,Doji,356598136.506008,USD,Distribution services
GEHC,GE HealthCare Technologies Inc.,81.9,USD,0.8124076809453604,0.2584933530280748,-1.3348656760914122,2373011,0.8478655735194479,83.50044581540139,442468708.05600005,96.84720000000002,,37417894056.580505,USD,Health technology
ATEN,"A10 Networks, Inc.",18.4,USD,1.4892443463872012,0.2311086596800983,0.651406749333877,589687,0.7681192607968921,14.515950205592995,71900054.303,97.427,,1357899638.2129066,USD,Technology services
AMKR,"Amkor Technology, Inc.",26.79,USD,1.940639269406385,0.22831050228310015,-0.5161331951896267,1518802,1.3995346378377163,30.393741675583033,98290099.061,39.853100000000005,,6607246209.738584,USD,Electronic technology
PFIS,Peoples Financial Services Corp.,55.24,USD,0.6559766763848386,0.21865889212827522,1.7588626894353492,36077,1.2385209292425787,46.387816695604805,9195737.6469,92.0066,Hanging Man,552104311.9963558,USD,Finance
SWK,"Stanley Black & Decker, Inc.",85.8,USD,1.5865498460809893,0.21311863604073744,-2.7222254427221904,2734049,1.6539186947173672,93.8042380772955,153617642.784,99.6456,,13227260709.156998,USD,Consumer durables
OXM,"Oxford Industries, Inc.",81.44,USD,1.991233562930499,0.18785222291797832,0.8081494666961677,477225,1.4164442581806354,89.48442746751384,15130033.7705,96.3985,,1278224205.9681904,USD,Consumer non-durables
KVYO,"Klaviyo, Inc. Series A",40.41,USD,1.6859587317564029,0.15098137896324904,0.32675324472841505,1251027,0.9965797579183961,31.6792623091202,52300060.54508,66.3673,,10895894183.76069,USD,Technology services
BEN,"Franklin Resources, Inc.",22.3,USD,1.733576642335762,0.13686131386860212,0.4223012616876473,4161150,1.0054024966039592,22.591395782396038,280269208.272,53.5204,,11677788937.842152,USD,Finance
CIM,Chimera Investment Corporation,14.93,USD,1.4955812372535613,0.13596193065941245,-0.14025835781319002,606044,1.4205846523769965,14.80553564573709,78839992.2002,97.4834,,1189676191,USD,Finance
GNK,Genco Shipping & Trading Limited,15.26,USD,1.5302727877578206,0.1330671989354714,-0.29269733629697076,342216,0.6948954578460629,17.946708246760615,41843180.245299995,97.8607,Spinning Top White,652485488.0053227,USD,Transportation
APTV,Aptiv PLC,57.4,USD,1.288159520028228,0.12352214575613249,-2.037622165627765,4935412,1.3691063677438946,70.67310020474883,233027617.38,99.1455,,13491050815.803776,USD,Producer manufacturing
EPRT,"Essential Properties Realty Trust, Inc.",32.75,USD,0.24487297214569417,0.12243648607284709,0.148446248691928,879751,0.9250110507020087,30.07037867140766,174181997.412,99.3441,Doji,5746185338,USD,Finance
ON,ON Semiconductor Corporation,67.68,USD,1.7438364401683868,0.12026458208057472,-0.33683434721558786,4963234,0.7649946918375817,72.35691952595784,423064234.85400003,99.35820000000001,Long Upper Shadow,28817968223.278416,USD,Electronic technology
VEON,VEON Ltd.,35.135,USD,1.1370178468623948,0.11514104778353237,0.6500572594414881,61729,1.1180156847119327,27.737504939615008,70550916.939644,99.85590000000045,,2454480000,USD,Communications
ADNT,Adient plc,19.7,USD,2.178423236514513,0.10373443983402268,-0.34236183353027017,765781,0.6738165023145969,24.844695393758442,82922586.4788,97.70909999999999,,1671875386.7790453,USD,Producer manufacturing
F,Ford Motor Company,10.6,USD,0.8563273073263546,0.0951474785918153,0.00235027037153724,53229853,0.9930896626733569,11.421452387047387,3893369124.8,99.742,,42127460071.7412,USD,Consumer durables
PARA,Paramount Global,11.17,USD,1.6378525932666033,0.09099181073703173,0.046062836408140975,11064881,0.8556650853872847,11.510588459013578,591531131.598,94.4526,,7971366482.805278,USD,Consumer services
DXPE,"DXP Enterprises, Inc.",78.31,USD,1.7277214861002834,0.09093270979474301,4.4374866017310755,219383,1.7948699068460694,52.41767883595425,12735846.3336,81.1464,,1229066293.4877892,USD,Distribution services
ASAN,"Asana, Inc.",24.87,USD,12.077512392969805,0.09013068949977275,0.9917980946133763,15152998,3.340331725647385,14.59588681890356,82715530.352,57.7171,,5688345827.091482,USD,Technology services
BFH,"Bread Financial Holdings, Inc.",64.44,USD,1.9781611014401013,0.0791264440576108,1.949517320935613,1306819,2.344766024712269,48.04045762839692,48521092.4433,97.59830000000001,,3203638473.1305585,USD,Finance
DFH,"Dream Finders Homes, Inc.",30.95,USD,1.4754098360655714,0.06557377049180188,0.02931378971709383,308343,0.2795353452296825,30.96214820905978,27747684.2649,81.0149,,2893089296.17541,USD,Consumer durables
INTA,"Intapp, Inc.",67.06,USD,0.9027986758952883,0.060186578393027775,3.206132152147612,743649,1.3760065872252238,45.02153903553547,69916328.92549999,90.34809999999999,,5189471427.185375,USD,Technology services
MIR,"Mirion Technologies, Inc.",18.23,USD,0.607064017660041,0.05518763796908394,0.8079302771823003,3447951,1.4399098055743342,12.02706265652871,222123814,98.50280000000001,,4234662967.156181,USD,Electronic technology
FLGT,"Fulgent Genetics, Inc.",20.97,USD,4.380288700846187,0.049776007964169054,-0.2925840162931201,412836,1.433161748471497,22.096295809502028,19921641.642,65.1315,,641405432.9432554,USD,Health services
AVTR,"Avantor, Inc.",22.09,USD,3.2725572697522174,0.04675081813930814,-0.6043912409507178,6550440,1.0566481343033132,23.412427527114893,663510850.794,97.4871,,15034759087.788685,USD,Process industries
PFE,"Pfizer, Inc.",26.1,USD,1.4380101049358762,0.03886513797123207,-0.6170748839060962,37464821,0.9513146258422223,28.610888872859512,5665046222.43,99.9657,,147908442485.41003,USD,Health technology
SJW,SJW Group,53.14,USD,0.2830722777882593,0.03774297037176075,-0.6562534494111626,168750,0.7300656388496155,57.83859789159729,30475801.8915,91.64689999999999,,1767092970.5906775,USD,Utilities
VECO,Veeco Instruments Inc.,28.84,USD,3.7783375314861485,0.035984166966540346,-0.49474549236591037,657119,1.0197863243950325,33.064969400002624,55422279.805800006,97.6119,,1637484611.1738038,USD,Electronic technology
NSA,National Storage Affiliates Trust,43.56,USD,0.36866359447005465,0.023041474654373298,0.060361529287785376,447295,0.8050239962104236,42.0511557725062,69367612.5864,90.9806,,5829270348,USD,Finance
HSIC,"Henry Schein, Inc.",74.98,USD,2.712328767123293,0.013698630136993309,1.2196089080686168,1728313,1.0146326027892647,71.40920108774552,123018004.822,98.66619999999999,,9348603671.656713,USD,Distribution services
KBH,KB Home,79.47,USD,1.1969947790653226,0.012733987011339765,0.07061307679248383,1019521,1.2281507803204545,74.56737730705035,70819126.65,96.57000000000001,,5827891057.393226,USD,Consumer durables
ATKR,Atkore Inc.,90.86,USD,2.0898876404494375,0.011235955056185524,0.6964003663021636,554417,0.7567520716544708,114.21857730828465,34453798.39,98.71300000000001,,3171285875.5797753,USD,Producer manufacturing
CNXC,Concentrix Corporation,46.31,USD,7.000924214417747,0,-0.6461393871163443,599410,0.7098569225172239,60.628568402173414,46110273.0751,71.1373,,3001756157.3486605,USD,Commercial services
NEWT,"NewtekOne, Inc.",14.2,USD,1.0676156583629792,0,0.22476432450521275,186404,1.8511099966732374,13.175978388823744,24655217.8229,93.7279,,373531821.6797153,USD,Finance
RCMT,"RCM Technologies, Inc.",24.36,USD,1.5846538782318558,0,0.398123920835612,56800,1.1173645933127303,21.29781301555996,5063101.41974,66.6458,,185063593.5062552,USD,Commercial services
OOMA,"Ooma, Inc.",15.22,USD,2.0791415157612376,0,0.6731146078128515,302208,1.7257027541418337,11.149578812524153,23627710.8,88.1631,,407895984.68812877,USD,Communications
MTX,Minerals Technologies Inc.,80,USD,0.38900740368929887,0,0.9745054643954617,136733,0.9983994415569811,76.04578333352966,31513625.1106,98.82379999999999,,2551097794.9554524,USD,Process industries
BF.A,Brown Forman Inc,44.97,USD,2.2742779167614287,0,-0.6392556799803291,127417,1.1918567942207334,47.494248361497604,43938831.892000005,25.980400000000003,Marubozu Black,21392173023.242214,USD,Consumer non-durables
UPWK,Upwork Inc.,17.49,USD,3.1249999999999853,0,1.0702104890352049,1916212,0.7928695645049886,12.379507892133105,120673097.263,90.2789,,2337837968.812499,USD,Commercial services
SEM,Select Medical Holdings Corporation,20.06,USD,1.2108980827446945,0,0.4219128450674451,1111238,0.49865856895102567,18.12537774635779,106221329.617,82.04509999999999,,2597106659.7255297,USD,Health services
ALNT,Allient Inc.,27.55,USD,4.752851711026616,0,1.6159532698505443,189243,1.1060509801698326,24.51113921715698,14143599.9848,83.9612,,464090175.0038023,USD,Producer manufacturing
HASI,"HA Sustainable Infrastructure Capital, Inc.",31.59,USD,1.5429122468659608,0,-0.5738389737190673,2509711,2.790469637862072,30.55504041202846,116105186.88000001,97.99560000000001,,3742767713.690453,USD,Finance
UAN,"CVR Partners, LP",77.27,USD,0.20749578524185786,-0.012968486577623027,1.9688085161132245,31492,0.5129357804142316,73.87404992460704,6452878.2048,61.05130000000001,,816715806.8285565,USD,Process industries
EBAY,eBay Inc.,65.14,USD,2.3891857906318816,-0.01571832756994343,0.20113754470770304,5440285,1.5010035089912865,56.98657693743798,477376669,99.6611,,31202059475.767372,USD,Retail trade
FTLF,"FitLife Brands, Inc.",32.5,USD,1.2461059190031107,-0.03115264797507168,0.12599333383650405,7009,0.7289575771442834,29.80582235536315,3983781.78704,86.6371,,149442836.44859812,USD,Health technology
TAP,Molson Coors Beverage Company,61.57,USD,0.7197775233109729,-0.03271716015050405,1.1885621365559305,1811578,0.9846824469253738,57.43134324404419,170108793.3,87.882,,12691418901.852283,USD,Consumer non-durables
AAP,Advance Auto Parts Inc.,47.44,USD,5.492550589281741,-0.03446742272625273,1.0718945191444555,4055257,1.6735628493418424,53.968625998470905,59065832.007,98.8806,,2833805341.4382925,USD,Retail trade
LRCX,Lam Research Corporation,77.45,USD,1.122861992427209,-0.052226139182669086,-0.298389712027202,10742162,0.9597640406282318,81.6596958931995,1281286237.4399998,99.58079999999998,,99653753023.48479,USD,Producer manufacturing
CFFI,C&F Financial Corporation,78.39,USD,1.1483870967741943,-0.0645161290322544,3.297528773363463,13356,0.8917078381626385,58.26711118755568,3022605.89543,93.7123,,252839814.03870967,USD,Finance
IFS,Intercorp Financial Services Inc.,29.13,USD,0.13750429700927863,-0.06875214850463932,0.38415807531088125,47115,0.2761812367925109,25.059522288047575,32972526.04,28.5605,Marubozu White,3362991516.067241,USD,Finance
CTVA,"Corteva, Inc.",59.74,USD,0.4202386955790889,-0.08404773911582496,0.6236646327028948,3394393,0.9398473215652821,56.26084556680165,686164464.894,99.8358,,41058886758.29618,USD,Process industries
BXP,"BXP, Inc.",83.01,USD,3.3233756534727426,-0.11202389843166967,-0.35940322973252,1164461,1.012763508886917,73.10552761554185,157717777.943,99.7513,,12702613261,USD,Finance
SWKS,"Skyworks Solutions, Inc.",89.67,USD,2.0484807101399762,-0.11380448389667523,-1.5130950543561257,1948207,0.8525138039613875,98.31339800062761,159260846.112,99.5872,,14340085518.725847,USD,Electronic technology
FORM,"FormFactor, Inc.",42.89,USD,1.4667612964277204,-0.11828720132482673,-0.40569470338590347,524279,0.8896522326702615,45.05574279031692,76685388.072,99.012,,3321857565.2439084,USD,Electronic technology
AOUT,"American Outdoor Brands, Inc.",14.34,USD,8.390022675736956,-0.1375661375661392,0.3594303758047065,336744,3.083174403199417,9.054745176581303,11049644.4105,86.5695,,183034425.71882087,USD,Consumer durables
DOC,"Healthpeak Properties, Inc.",21.7,USD,1.4967259120673542,-0.14031805425630303,-0.14185477052352524,5050077,1.1607383682055579,20.987308283733363,697276825.0289999,99.6903,Spinning Top White,15253410595,USD,Finance
CENT,Central Garden & Pet Company,41.02,USD,1.7613495410568119,-0.1488464400893135,1.143167701154481,118460,0.8331891464558865,37.98152029172074,9164096.9568,85.4796,,2359457725.6239147,USD,Consumer non-durables
XRAY,DENTSPLY SIRONA Inc.,19.45,USD,1.9392033542976992,-0.15723270440250306,-0.8727893761265146,2390961,1.1162558068658275,25.924672309477813,197588313.9,99.40050000000001,"Hammer, Long Lower Shadow",3866262354.5361633,USD,Health technology
GHM,Graham Corporation,43.25,USD,-0.04622140050844263,-0.16177490177952455,3.01339820593574,71333,1.1194582633668648,30.272794867812724,10267052.169499999,94.28049999999999,,470989385.44025874,USD,Producer manufacturing
COO,"The Cooper Companies, Inc.",99.26,USD,0.567375886524825,-0.16210739614994588,-0.6789226982952508,1724737,0.9246400484124218,98.75847616782794,198158825.90800002,99.49930000000002,,19768185150.66241,USD,Health technology
MTAL,MAC Copper Limited,13.07,USD,6.606851549755306,-0.1631321370309916,0.004116945887567169,181621,0.967018678979466,12.436498595705967,47468949.232200004,64.0844,,968128218.9053833,USD,Non-energy minerals
BNH,"Brookfield Finance Inc. 4.625% Subordinated Notes due October 16, 2080",18,USD,0.16694490818030683,-0.16694490818028707,-0.09981356219686274,16218,0.8907122732440313,17.788083585259184,,,Marubozu White,,,
CCK,"Crown Holdings, Inc.",88.22,USD,-0.18103643358225457,-0.2036659877800324,-0.5830515425762005,1432710,1.1411349558093058,87.83948621645487,118566318.144,99.1092,,10553959948.824167,USD,Process industries
NRC,National Research Corporation,19.5,USD,2.685624012638239,-0.21063717746181754,-0.03473064169555585,107234,1.304183374258572,25.605217186225715,14845893.736000001,63.23860000000001,Inverted Hammer,457782772.19589263,USD,Health services
KMT,Kennametal Inc.,27.31,USD,0.18341892883344518,-0.22010271460015507,0.45531306641784086,728863,1.0931304757721105,25.807220880076756,76795287.7993,98.8027,,2122693896.2076297,USD,Producer manufacturing
HR,Healthcare Realty Trust Incorporated,18.11,USD,0.6670372429127349,-0.2223457476375717,0.1288117050723036,1981494,0.5023878007956235,17.161979629975775,351457565.628,99.1731,Spinning Top White,6375443891,USD,Finance
PBF,PBF Energy Inc.,30.5,USD,0.9265387160820686,-0.23163467902051715,0.031454633913775176,1764809,1.1359791230141707,38.06575749604394,86164154.719,74.8453,,3511265781.1052284,USD,Energy minerals
SPB,"Spectrum Brands Holdings, Inc.",95.89,USD,1.0645025295109667,-0.28456998313658943,0.5615242421888653,344030,0.9689023547061876,87.87244800662152,26879676.639,95.8226,Inverted Hammer,2689859385.0601816,USD,Consumer durables
SWTX,"SpringWorks Therapeutics, Inc.",41.87,USD,0.7459095283926737,-0.2887391722810504,2.2916199653490397,474528,0.4844729704536911,36.76573258736208,65859933.28639999,88.53759999999998,"Hanging Man, Long Lower Shadow",3114558919.6032243,USD,Health technology
Z,"Zillow Group, Inc.",82.04,USD,-0.21892483580636415,-0.30637314522013137,4.782089758301809,2316689,0.9093303419662754,58.457497300861036,152613970.275,88.20750000000001,,19001827409.60886,USD,Technology services
BMRN,BioMarin Pharmaceutical Inc.,66.81,USD,0.10488462691040965,-0.329637398861251,-0.9565999371895787,1786298,1.052583818333835,77.97859854443891,188215959.14,98.758,Spinning Top White,12732851364.188345,USD,Health technology
DINO,HF Sinclair Corporation,39.3,USD,1.0023130300693925,-0.334104343356452,-0.6037928220961868,1524732,0.9101653914948271,47.972320033214665,171301671.336,91.0443,,7394367891.349267,USD,Energy minerals
NEO,"NeoGenomics, Inc.",17.91,USD,0.8445945945945865,-0.3378378378378506,0.7534849763130703,488955,0.8348204407438063,15.262584618011678,126824775.552,98.80320000000002,,2298943217.802365,USD,Health services
CVS,CVS Health Corporation,56.07,USD,1.4107433532284341,-0.3436426116838447,-0.08109209161695101,11534951,1.233716530417151,61.90695256193632,1255888146.3600001,99.79960000000001,,70558914895.62291,USD,Retail trade
ACLS,"Axcelis Technologies, Inc.",77.1,USD,3.9223615042458504,-0.39088825987328757,-4.037571644268627,460280,0.8923615533853341,106.15612107133083,31981354.0277,98.38569999999999,,2506221251.536595,USD,Producer manufacturing
AKAM,"Akamai Technologies, Inc.",99.12,USD,1.0809708341831554,-0.39771568427493426,-0.8993976955445653,1344970,0.6988941844367291,99.23296489430157,147412947.836,98.12679999999999,,14890498853.169079,USD,Technology services
CPB,The Campbell's Company,43.11,USD,0.8893049379826881,-0.3978469459396083,-0.601609771933799,3622467,1.2214098971619132,46.275930616168715,196321172.495,65.8555,,12851489755.897732,USD,Consumer non-durables
GXO,"GXO Logistics, Inc.",49.75,USD,0,-0.4190954773869363,-0.5399370501159266,1218764,0.8448380175582878,54.30323721154964,117151647.704,98.04879999999999,Long Upper Shadow,5944257320,USD,Transportation
CSR,D/B/A Centerspace,70.07,USD,0.09999999999999026,-0.4285714285714245,0.1122394225629589,116129,1.1347304979646395,68.49564489471226,16412129.916000001,99.0353,Bullish Engulfing,1160038166,USD,Finance
JBSS,"John B. Sanfilippo & Son, Inc.",87.93,USD,1.8887601390498374,-0.4634994206257143,-0.9739662788276593,72288,1.1046336607035072,94.7523268103509,8796460.443160001,97.67290000000001,"Hanging Man, Long Lower Shadow",1020292600.5239863,USD,Consumer non-durables
GFS,GlobalFoundries Inc.,45.04,USD,0.35650623885917243,-0.4901960784313858,0.8636125616427399,1537359,0.9014898728334112,46.55631522601859,105116036.4365,18.9226,Spinning Top Black,25019957011.96078,USD,Electronic technology
AESI,Atlas Energy Solutions Inc.,22.7,USD,1.4751899865891742,-0.49172999552972474,0.6598693908212673,650930,0.2465603126190676,20.887334037047193,65085906.70520999,59.05259999999999,,2501922248.9226637,USD,Industrial services
ETD,Ethan Allen Interiors Inc.,30.7,USD,1.8242122719734684,-0.49751243781094057,0.2441432904241395,149046,1.0098083785517855,29.95423108638754,23606592.71,92.8297,,780699769.9635159,USD,Consumer durables
VTRS,Viatris Inc.,12.8,USD,0.6289308176100634,-0.5503144654088072,0.28370256973306734,6690721,1.018870819594463,11.65915684649626,1164453274.51,97.55890000000001,Doji,15277989383.647797,USD,Health technology
NVST,Envista Holdings Corporation,20.01,USD,0.6033182503770789,-0.5530417295123149,0.43241940497439063,1631734,0.857855645308029,20.216781583100232,170565508.79700002,99.11010000000002,,3443657202.4057317,USD,Health technology
LOCO,"El Pollo Loco Holdings, Inc.",12.18,USD,1.3311148086522475,-0.5823627287853601,-0.11355808728634338,303309,1.836706887718954,11.721934579274915,25512359.9488,85.21390000000001,,364659788.36605656,USD,Consumer services
RLJ,RLJ Lodging Trust,10.53,USD,0.9587727708533044,-0.6711409395973182,0.2648034734611673,1586444,0.7839678475357263,9.898615563428482,148650349.65199998,96.96189999999999,,1607051556,USD,Finance
TNC,Tennant Company,85.51,USD,-0.31475868500815574,-0.6761482863138241,-0.7535969673953109,193524,1.1124357770161906,94.35738115859573,18633738.242399998,98.73329999999999,,1613812522.9105856,USD,Producer manufacturing
DOLE,Dole plc,14.68,USD,-0.20394289598913076,-0.6798096532970864,-0.27703666456230386,368106,0.9488923711688869,14.333376982582193,63965934.032,67.3666,Spinning Top White,1393895414.8878314,USD,Distribution services
THRM,Gentherm Inc,42.79,USD,1.9052155275065423,-0.6906406287211221,-0.28602054982041136,262011,1.286546577659713,47.80435513442927,30477121.7652,98.37740000000001,,1325624276.4701118,USD,Producer manufacturing
PHIN,PHINIA Inc.,53.05,USD,-0.6740310803220361,-0.6927541658865334,1.8258146004481057,393317,0.9234412701006491,43.59720279736387,41158778.542695,97.8615,,2231187345.1188917,USD,Producer manufacturing
FLXS,"Flexsteel Industries, Inc.",60.1,USD,0.13328890369876423,-0.6997667444185299,2.0921658296639425,20392,0.5923137473604104,41.97368598962149,3582702.78957,68.79190000000001,Marubozu Black,313002533.30723095,USD,Consumer durables
UNB,"Union Bankshares, Inc.",35.89,USD,0.8146067415730313,-0.7022471910112359,1.747911295351707,7496,0.5620454375046862,27.414053779414235,3746087.59885,82.7947,Marubozu Black,162386211.4042135,USD,Finance
PK,Park Hotels & Resorts Inc.,15.81,USD,1.022364217252397,-0.70287539936103,0.3043563548169611,2363948,0.8167330305642457,14.837188713394701,201164377.05,97.46100000000001,,3230232421,USD,Finance
OGS,"ONE Gas, Inc.",72.35,USD,-0.37179840264391384,-0.7160561828697469,0.6986614551544316,419170,1.0363269469729524,69.64628636894103,55870510.78439999,98.61479999999999,,4099008084.7115116,USD,Utilities
PDCO,"Patterson Companies, Inc.",23,USD,0.3490401396160484,-0.741710296684126,0.19780932764499565,988684,0.780470106848063,23.682427945412584,77921825.012,88.2307,"Hanging Man, Long Lower Shadow",2031268050.17452,USD,Distribution services
OTTR,Otter Tail Corporation,79.13,USD,1.8666323377960716,-0.7466529351184507,0.14966930998847072,230804,1.1690593641906304,82.73714632491172,37916370.924,90.6483,,3309847167.6968327,USD,Utilities
BWA,BorgWarner Inc.,34.3,USD,1.4792899408284024,-0.750295857988162,-0.024779244539156968,2473568,1.1862128972780819,34.24552056018202,217243239.3,99.33390000000001,,7501405538.970414,USD,Producer manufacturing
SYNA,Synaptics Incorporated,82.36,USD,2.310559006211179,-0.7577639751552787,1.5600896387482819,417444,0.9634290952614163,83.25271499409438,39190374.5304,97.8331,Doji,3299212585.361988,USD,Electronic technology
PWOD,"Penns Woods Bancorp, Inc.",34.06,USD,0.2649396526346877,-0.7948189579040212,1.6091855614104063,41813,2.199410867392562,24.05668405347453,7115321.6883,94.31099999999999,,256966730.80306157,USD,Finance
SMP,"Standard Motor Products, Inc.",33.96,USD,1.1617515638963378,-0.8042895442359344,0.3047774481456026,119072,1.2249626046503972,32.54486204893956,20580015.3048,94.7436,,737673158.5379803,USD,Consumer durables
FHB,"First Hawaiian, Inc.",27.39,USD,0.32967032967032917,-0.842490842490844,0.6198236703240287,662714,0.8740006968646629,23.505237986877813,127120218.632,99.4012,Spinning Top White,3502801874.2417583,USD,Finance
FOR,Forestar Group Inc,28.74,USD,1.4114326040931495,-0.8468595624558872,-0.5348530045031789,122645,0.9883663769274534,31.07495699590913,18967669.0262,37.4338,,1456254220.0098798,USD,Finance
HY,"Hyster-Yale, Inc.",55.51,USD,0.8905852417302705,-0.8542348237004834,-1.273832442669884,71801,1.0307172428841307,61.59064255531718,9334288.8144,66.4296,,971929058.44402,USD,Producer manufacturing
HSTM,"HealthStream, Inc.",32.19,USD,-0.18604651162791402,-0.8682170542635694,0.7380085332824791,88991,0.5698283170563662,28.607755064565623,24016061.263499998,78.9615,,979055073.04,USD,Technology services
PSMT,"PriceSmart, Inc.",95.21,USD,3.9410480349344974,-0.8733624454148442,0.2016982583179044,174458,1.107837951282766,85.54952652997949,25106845.2789,81.81670000000001,,2921682552.993013,USD,Retail trade
BCO,Brinks Company (The),95.52,USD,0.9405051252245595,-0.8771002853217778,-2.2644738458836864,190260,0.6842447485851892,97.97083690376223,43437710.2381,99.53030000000001,,4168747322.4930787,USD,Commercial services
KRC,Kilroy Realty Corporation,41.59,USD,3.4834535954217607,-0.9703906444389166,0.24681029642048025,909064,0.8742809088957638,37.059806805654084,115478533.374,97.82419999999999,Long Lower Shadow,4790537033,USD,Finance
GMS,GMS Inc.,97.48,USD,0.4430705821741441,-0.9788768675940267,1.6358057503598242,328637,0.678457057636345,89.79156173762894,38550273.6885,99.3167,,3783730436.1327157,USD,Distribution services
PFBC,Preferred Bank,93.13,USD,-0.6401365624666686,-0.9922116718233296,2.2178296801790234,58495,0.9284714307936014,80.60422698799722,12294793.239400001,91.80220000000001,Long Upper Shadow,1247265677.2815535,USD,Finance
USPH,"U.S. Physical Therapy, Inc.",96.5,USD,0.4371357202331409,-1.0095753538717724,3.181359015804855,72156,0.711873536784967,92.04638220680238,14850128.91,98.37780000000001,,1456666264.6232305,USD,Health services
FCCO,First Community Corporation,25.65,USD,0.11709601873535357,-1.014832162373152,0.6936021240424651,12036,0.6003411709545804,20.91654190151255,7065798.056600001,92.47640000000001,Inverted Hammer,195982624.44379386,USD,Finance
PINS,"Pinterest, Inc.",33.06,USD,2.416356877323423,-1.0223048327137603,-0.19808899962406867,11963379,1.2335234894128466,33.51434061983276,583692771.6,98.39,,22342814070.607807,USD,Technology services
WLY,"John Wiley & Sons, Inc.",46.04,USD,0.7439824945295324,-1.0284463894967308,-0.04871634923102067,472930,1.33160602504353,44.56160452872218,42223968.612500004,93.20450000000001,,2499688792.5461707,USD,Consumer services
UBER,"Uber Technologies, Inc.",65.74,USD,-0.529580874565,-1.089423513390829,-1.3762739880571464,27602901,1.2452035997741313,69.66979583006061,2019481175.5,95.905,,138429317011.85867,USD,Transportation
SWX,"Southwest Gas Holdings, Inc.",75.13,USD,-0.6611133148221606,-1.0974481026047842,0.7955745725494582,237010,0.7254261545802607,72.44549580217745,61712280.634899996,86.01769999999999,,5390101551.499668,USD,Utilities
AVNS,"Avanos Medical, Inc.",18.54,USD,0.37899296155928686,-1.1369788846778413,-0.6203420371742999,200440,0.7286596936750128,21.21286554570371,44880043.662,97.6566,,852042691.6664861,USD,Health technology
DVAX,Dynavax Technologies Corporation,12.84,USD,-0.0778210116731501,-1.167315175097279,0.29317298860180163,859967,0.5996890980845893,11.838744068435854,130909067.38499999,99.58469999999998,,1687876591.3680933,USD,Health technology
STRA,"Strategic Education, Inc.",98.6,USD,0.4687181577338433,-1.1717953943346298,1.9934861795778467,117489,0.8107341591865126,97.16114448534225,23750649.3144,96.6676,"Long Upper Shadow, Shooting Star",2422546663.8394127,USD,Consumer services
KD,"Kyndryl Holdings, Inc.",34.4,USD,-0.3187481889307431,-1.1877716603882944,2.3624121871935624,1495969,0.6098213850773696,24.60176295714083,228791056.77692,98.50179999999999,Bullish Engulfing,7990119777.386265,USD,Technology services
COLM,Columbia Sportswear Company,90.65,USD,2.6032823995472683,-1.1884550084889611,1.6148021459968913,676433,1.571188630761044,81.24647357376519,28647352.382,50.0876,,5184679603.7917385,USD,Consumer non-durables
FISI,"Financial Institutions, Inc.",26.64,USD,-0.33670033670033617,-1.2345679012345747,0.3674879306244301,36600,0.6286953026497961,23.07937871502855,15026687.703,97.1055,,412244246.9494949,USD,Finance
EZPW,"EZCORP, Inc.",12.11,USD,-1.2234910277324662,-1.305057096247962,0.24457432754761887,295169,0.5542863302240963,10.944341816135685,48991547.018699996,95.1379,Doji,659576592.5856444,USD,Finance
XNCR,"Xencor, Inc.",25.2,USD,-0.5524861878453061,-1.3417521704814517,1.0706007021126063,393595,0.5841179921460657,21.36770848117816,65868667.98600001,94.12230000000001,,1763547236.3535912,USD,Health technology
FLR,Fluor Corporation,55.26,USD,-0.9499910378204,-1.344326940311884,0.9101173314849349,1151935,0.5743072638463099,46.80552103585497,169455749.808,98.7988,,9477966240.951784,USD,Industrial services
COCO,"The Vita Coco Company, Inc.",36.28,USD,-0.08262186725420308,-1.3494904984852711,1.2427280158169534,281887,0.8237644351722431,28.613648169463143,38668091.135641,68.1593,,2058234766.81355,USD,Consumer non-durables
TECH,Bio-Techne Corp,77.4,USD,3.878674003489465,-1.3555227486243524,0.32199659955421867,773986,1.088227763723201,73.86486054594342,157226176.272,98.95160000000001,Spinning Top White,12298225666.954771,USD,Health technology
MSM,"MSC Industrial Direct Company, Inc.",83.99,USD,1.0345242391435094,-1.3593167328280953,0.30803243705921124,474897,0.9317279807979244,86.0313078695199,43735477.0432,78.23360000000001,,4695350796.099604,USD,Distribution services
ESSA,"ESSA Bancorp, Inc.",20.18,USD,-1.0299166257969634,-1.3732221677292846,0.2941409299797518,5995,0.6100415174210354,18.506795417504527,8315225.995,82.073,,204454092.602256,USD,Finance
OMCL,"Omnicell, Inc.",47.1,USD,2.39130434782609,-1.4130434782608665,0.3617056206556115,349781,0.6169985816023184,40.34018767318783,45146883.948800005,97.4741,,2181522498.4565215,USD,Technology services
TCBX,"Third Coast Bancshares, Inc.",35.17,USD,0.19943019943020024,-1.4245014245014245,1.2155506343149631,88482,1.302546739290446,25.734649617031852,10698741.857792,78.21229999999998,Doji,481094061.2273505,USD,Finance
AB,AllianceBernstein Holding L.P.,36.32,USD,2.0224719101123565,-1.4325842696629156,-0.14143564171707532,865306,2.616209319481902,34.72095104460042,104701479.705,92.3823,,4119972014.022472,USD,Finance
AZZ,AZZ Inc.,94.17,USD,-1.289308176100633,-1.4675052410901526,3.3533414433156095,169578,0.9952239485702952,77.26629585518461,29277278.979,97.9927,,2813512541.4113207,USD,Process industries
MANU,Manchester,17.15,USD,-1.4367816091954024,-1.494252873563207,0.10789874088939533,289168,1.0735747386491807,16.966805539854292,40072973.2865,72.8381,Marubozu White,2903799674.678161,USD,Consumer services
GENC,"Gencor Industries, Inc.",22.39,USD,2.0045558086560424,-1.5034168564920196,0.32195330123899313,15420,0.8445150336820199,19.416825084174082,10010702.8772,81.1319,,328185943.80182236,USD,Producer manufacturing
WT,"WisdomTree, Inc.",11.22,USD,-1.4059753954305811,-1.5518453427065073,0.2976051380041539,908243,0.5588313508126913,9.80501983427119,116536933.52000001,79.763,,1639283002.2970126,USD,Miscellaneous
SXC,"SunCoke Energy, Inc.",12.22,USD,0.24610336341264263,-1.5586546349466737,0.6591536409681773,598732,0.920888139680821,10.053352891324561,83160893.68519999,98.8924,,1027608248.8416736,USD,Energy minerals
LEGH,Legacy Housing Corporation,25.76,USD,1.019607843137261,-1.5686274509803866,-0.12358262318554515,92786,1.743082038661682,24.97989392720928,10629966.0579,44.0013,,622318063.579608,USD,Consumer durables
QRVO,"Qorvo, Inc.",69.51,USD,1.726913507976009,-1.5805649056051492,-4.768413655192678,2340370,1.1767439353468363,97.6483654383998,93781356.97049999,99.2115,,6570550763.392361,USD,Electronic technology
MSBI,"Midland States Bancorp, Inc.",26.63,USD,-1.15070527097254,-1.6332590942835976,0.6500126675466187,118717,1.7713006826065874,23.89225900450588,20091492.7835,93.8789,,569921517.9710467,USD,Finance
POWI,"Power Integrations, Inc.",66.33,USD,5.052264808362366,-1.6471333544504263,0.37307410221576465,265648,0.6890712707124996,67.79462536551407,55721735.269200005,97.9902,,3771830221.698606,USD,Electronic technology
GDEN,"Golden Entertainment, Inc.",33.09,USD,-1.1057979677226464,-1.6736401673640235,0.6517202699858966,172908,0.5894677989561209,32.52933174350737,20096268.285,73.26650000000001,,907623972.3120145,USD,Consumer services
PLOW,"Douglas Dynamics, Inc.",25.78,USD,1.3763271726307567,-1.6909162406606357,0.03491084986498712,97977,0.7461435125107377,26.014507946374582,22413535.29,97.05349999999999,,595364552.7361385,USD,Producer manufacturing
SSTK,"Shutterstock, Inc.",32.72,USD,1.1124845488257091,-1.7305315203955463,0.02923598225861041,300579,0.8503083927001894,37.17236098823943,23602886.0931,67.7059,Bullish Engulfing,1140647449.817058,USD,Technology services
FDP,"Fresh Del Monte Produce, Inc.",33.42,USD,-0.3874813710879149,-1.758569299552895,0.8003619288448521,231048,0.7873148022256957,28.149457775772287,37404558.0314,78.0206,,1602216931.3162446,USD,Process industries
PCB,PCB Bancorp,21.58,USD,0,-1.7608897126969372,0.579820823668783,21481,0.6699998752386062,18.07180995497921,11140666.2962,78.0886,"Hanging Man, Long Lower Shadow",307875915,USD,Finance
QNST,"QuinStreet, Inc.",21.84,USD,-1.3550135501355045,-1.7615176151761545,0.5973313317985163,371549,0.9435194602205995,18.174041734127083,51267858.33400001,91.12180000000001,,1228783230.4715447,USD,Commercial services
FROG,JFrog Ltd.,30.93,USD,-0.9606147934678217,-1.857188600704457,0.30715018348144313,760458,0.8614517617576535,31.733113459387603,92919930.196,83.2892,Bearish Harami,3450650020.627281,USD,Technology services
LOAR,Loar Holdings Inc.,91.08,USD,-1.000000000000002,-1.8695652173913029,2.325669756077602,482140,1.6085214873769398,,67892595.47235,75.6855,Long Upper Shadow,8170200927.899999,USD,Electronic technology
ALKS,Alkermes plc,31.31,USD,-0.47679593134139264,-1.875397329942784,0.5480931958574632,1712109,1.1976405744307563,27.295926347600123,158779710.945,98.13149999999999,,5066036777.592181,USD,Health technology
FC,Franklin Covey Company,36.75,USD,1.5754560530679942,-1.8794914317302367,-0.8254035785685626,77445,1.2541476993932092,39.211304640735364,11073836.3618,83.9926,Marubozu Black,484521992.9933665,USD,Commercial services
NPK,"National Presto Industries, Inc.",90.5,USD,2.2136887282584072,-1.9652134628416635,2.158751252728747,68030,1.4469388406197825,76.38948137147695,5089111.95935,71.67410000000001,,642582061.3677433,USD,Electronic technology
CPHC,Canterbury Park Holding Corporation,21.78,USD,3.813155386081986,-2.049571020019064,0.39131722775310956,1896,0.6853672643146327,20.92409552610195,2057181.74669,40.9829,,109327081.09246902,USD,Consumer services
CEVA,"CEVA, Inc.",31.55,USD,-0.3159557661927263,-2.05371248025276,1.3042892881413972,304992,1.204542627117138,23.755112643909076,22811011.8092,96.5476,,745423802.507109,USD,Electronic technology
CBL,"CBL & Associates Properties, Inc.",31.25,USD,-0.6990784874483599,-2.1290117572291014,1.1206848246009409,162609,0.9235558453419239,25.576372531747754,25679454.194604,83.5124,,967679550,USD,Finance
WERN,"Werner Enterprises, Inc.",39.34,USD,-0.07620015240028964,-2.133604267208525,0.47299519465915996,484878,0.7979605250815195,38.25981058998958,59032877.0112,95.5104,,2431518947.9268484,USD,Transportation
CSV,"Carriage Services, Inc.",39.88,USD,0.3270440251572391,-2.1383647798742174,1.3634786698227683,175422,2.4249017512672464,31.678274332846936,12758891.1337,83.81269999999999,,607097368.4578617,USD,Consumer services
TCX,Tucows Inc.,18.09,USD,-0.5497526113249116,-2.144035184167128,-0.28208580548193984,24066,0.42470136255265534,20.20849057374583,8127103.0064,73.8512,"Inverted Hammer, Long Upper Shadow",199074712.71522817,USD,Technology services
PEB,Pebblebrook Hotel Trust,14.75,USD,1.1659807956104247,-2.2633744855967084,0.38016957616666847,1742758,0.984896662759876,13.594728348133632,117207335.469,97.9233,,1745130394,USD,Finance
KF,"Korea Fund, Inc. (The) New",19.58,USD,-1.3104838709677498,-2.3185483870967785,-0.44571487494393286,32946,0.9334017061085031,22.762821409193094,4830651.26145,99.9483,,95889700,USD,Miscellaneous
ARIS,"Aris Water Solutions, Inc.",25.3,USD,-0.9009009009009025,-2.5370152761457123,2.012958893350458,286751,0.8443170227851441,16.998375157466004,25666498.30585,83.651,,1473127949.7297297,USD,Utilities
HTBK,Heritage Commerce Corp,10.37,USD,-1.4258555133079882,-2.5665399239543687,0.149277635529997,251479,0.7992274654650876,9.554557284732054,58780029.4492,95.8838,,635715949.4629277,USD,Finance
OPBK,OP Bancorp,17.53,USD,-0.170842824601353,-2.6195899772209414,0.8519864391782936,23963,0.8824980849684757,12.557611470923558,10980579.736499999,74.13449999999999,,259648588.87642375,USD,Finance
SPNT,SiriusPoint Ltd.,15.77,USD,-0.5047318611987386,-2.839116719242898,0.4423903185057513,417902,0.7444445711207479,13.389464146598495,98606948.39500001,60.91850000000001,,2552640314.543218,USD,Finance
MTRX,Matrix Service Company,12.62,USD,-2.018633540372683,-2.9503105590062173,0.3775595425566287,75794,0.6504085970571402,11.078085698476318,26233559.8803,95.2047,,347742566.5916149,USD,Industrial services
KELYA,"Kelly Services, Inc.",14.71,USD,2.651779483600843,-2.985345429169571,-1.224811303911204,1087811,2.8054586999803997,19.863497351629388,30894122.84,95.60600000000001,,525647582.4291696,USD,Commercial services
KNSA,"Kiniksa Pharmaceuticals, Ltd.",21.32,USD,-0.8833100883310148,-3.2543003254300458,-0.701188910067611,277842,1.0679486262906273,22.02188593226577,39711798.4164,95.5373,,1539337400.342166,USD,Health technology
MCY,Mercury General Corporation,73.92,USD,-3.0557377049180308,-3.3180327868852473,2.336447868189551,224629,0.8989733976647318,59.77155582144875,26555259.7357,47.9587,,4093033787.576656,USD,Finance
SGC,"Superior Group of Companies, Inc.",16.61,USD,0.36253776435044544,-3.3232628398791584,0.3161526392019392,28244,0.664488094313832,15.724214359341449,11117424.937199999,68.03309999999999,,271427855.8924471,USD,Consumer non-durables
ACNT,Ascent Industries Co.,11.96,USD,-0.33333333333332626,-3.333333333333336,0.49713697096518267,26166,0.6466872293730352,9.938864181707547,8129346.291999999,80.5444,,120711874.35666668,USD,Non-energy minerals
OBK,"Origin Bancorp, Inc.",36.03,USD,-1.0979961570134467,-3.376338182816352,0.6524046801710378,184471,1.55422398329768,32.45489222047817,28194551.4773,90.4579,,1123009480.4617074,USD,Finance
HMST,"HomeStreet, Inc.",11.56,USD,-0.5163511187607464,-3.614457831325301,-0.2858868370527061,107748,0.6331517970679973,12.797696784834173,17835895.231999997,94.582,,217993448.11703956,USD,Finance
RCKY,"Rocky Brands, Inc.",22.51,USD,3.3042680128499424,-3.625516291877004,-0.9732081186940089,31766,0.7394802268304266,27.9463144855806,6960375.23181,93.3801,"Hanging Man, Long Lower Shadow",167785361.3423589,USD,Consumer non-durables
MLR,"Miller Industries, Inc.",73.36,USD,0.6310013717421039,-3.978052126200282,1.7637052089721084,100814,1.0469700242597455,59.227585220069905,10944950.6505,95.6785,,839186475.4096022,USD,Consumer durables
CLB,Core Laboratories Inc.,19.39,USD,0.05159958720331045,-4.024767801857573,0.24505106138343558,204759,0.80189124443743,19.330653517426946,46529755.7547,99.1047,,910362916.2461301,USD,Energy minerals
AVDX,"AvidXchange Holdings, Inc.",11.18,USD,-3.287197231833917,-4.930795847750867,0.6427553301530907,1416222,0.8398914361404498,9.981488040555977,164354065.98106,79.8898,Doji,2300016399.5328717,USD,Technology services
FNWB,First Northwest Bancorp,10.77,USD,-1.373626373626377,-5.2197802197802226,0.17219880229109813,16163,0.5054254354420088,11.240059407785235,7428814.9254,79.362,Marubozu White,100814376.05494505,USD,Finance
LINC,Lincoln Educational Services Corporation,16.09,USD,-1.1063306699446818,-5.961893054701899,0.6940866762154558,171488,1.3681246923498527,12.338302222703415,29075385.3296,92.3638,Hammer,506499826.60909647,USD,Commercial services
HURC,"Hurco Companies, Inc.",21.63,USD,-1.547564861174328,-13.518434228493396,0.49806474239840187,14433,0.9519381072043372,20.01361073475532,5948951.53059,92.2391,Marubozu White,139502558.98088303,USD,Producer manufacturing